Responder ID,1. Sex,2. Age,3. Household Type,4. Housing Type,5. Do you like gardening?,6. Reason for not liking gardening,7. Do you own plants?,8. If yeas what is the reason you own plants?,9. Have you heard of smart gardening,10. What do yu think it is?,11. Would you buy an SHG device?,12. Have you bough an SHG device?,13. Reason for purchasing a SHG device,14. Where would you use it?,15. What aspects do you care about,16.1 Air Care,16.2 Smartphone App,16.3 Real-time Monitoring,16.4 Environment Control,16.5 Self-watering,16.6 Light Control,17. Which design looks appealing?,18. What would make you likely buy this product?,19. How much are you willing to pay?,20. How often would you grow new plants?,21. What type of plants do you like to grow?,22. How would you purchase this product?,"23. Now, you know a bit more about smart gardening, how likely are you to buy a smart",8.1 Decoration - Home interior,"8.2 Growing herbs, veggies, fruits",8.3 Hobby,8.4 Healing - Reduce Stress,8.5 Well-being ,13.1 It is easy to use,13.2 I can grow perfect and fresh herbs and vegetables,13.3 To teach my kids about gardening/farming,13.4 To make the house look prettier,13.5 I like smart technologies,13.6 Can minimize the time,13.7 Stress relief through plants,15.1 Convenience,15.2 Quality,15.3 Brand,15.4 Price,15.5 Design,15.6 Maintenance service,15.7 Innovation,15.8 Reliability,15.9 Safety,21.1 Succulents,21.2 Flowers,21.3 Fruits,21.4 Vegetables,21.5 Herbs,21.6 Air Purifying Plants
1,1,1,3,1,1,"Yes, I like gardening",1,Others,1,보람찬 일,2,2,Others,Personal Business/Office space,Quality,4,3,3,3,4,4,3,Aesthetic design,1,2,Fruits,1,4,0,0,0,0,0,0,0,0,0,0,0,0,0,1,0,0,0,0,0,0,0,0,0,1,0,0,0
2,1,1,5,4,2,I don't like having bugs in the house,1,"Growing herbs, veggies, fruits",2,"어플, 자동화, 기기, AI",2,2,"It is easy to use, I can grow perfect and fresh herbs and vegetables",House,Price,1,3,3,3,5,4,4,More plant options,5,6,"Succulents, Vegetables, Herbs, Air Purifying Plants",1,3,0,1,0,0,0,1,1,0,0,0,0,0,0,0,0,1,0,0,0,0,0,1,0,0,1,1,1
3,1,1,3,1,2,"I don't have time, I don't know how to take care of plants, I don't enjoy gardening, Gardening is an expensive hobby, I don't know where to start, I have to keep the plants for long time",2,"No, I don't own any plants",2,스마트기기를 이용하여 홈가드닝을 한다고 생각합니다.,2,2,I can grow perfect and fresh herbs and vegetables,House,"Convenience, Price, Maintenance service",4,4,4,3,3,2,4,More technological features,2,4,"Fruits, Vegetables, Herbs",2,3,0,0,0,0,0,0,1,0,0,0,0,0,1,0,0,1,0,1,0,0,0,0,0,1,1,1,0
4,1,1,5,4,2,"I don't enjoy gardening, I don't like having bugs in the house",2,"No, I don't own any plants",2,스마트 기기로 식물을 키울수 있는 시스템,1,2,"It is easy to use, Can minimize the time, To make the house look prettier",House,"Convenience, Price, Maintenance service, Safety",4,4,4,4,4,4,5,Aesthetic design,2,3,"Flowers, Herbs, Air Purifying Plants",1,3,0,0,0,0,0,1,0,0,1,0,1,0,1,0,0,1,0,1,0,0,1,0,1,0,0,1,1
5,1,1,3,1,1,"Yes, I like gardening",1,"Decoration - Home interior, Healing - Reduce Stress, Well-being ",2,편리한 식물시스템,2,2,It is easy to use,House,"Convenience, Price, Design",5,4,5,5,5,5,5,Customization,3,5,"Succulents, Flowers, Fruits",1,4,1,0,0,1,1,1,0,0,0,0,0,0,1,0,0,1,1,0,0,0,0,1,1,1,0,0,0
6,1,1,3,4,2,I don't have time,2,"No, I don't own any plants",2,집 꾸미기용..? 정원을 꾸미는거 좋아하는사람한테 필요!!,2,2,I like smart technologies,House,"Quality, Price, Design, Maintenance service, Reliability",4,4,4,4,4,4,3,More technological features,3,2,"Succulents, Flowers, Fruits, 야채, Herbs",1,3,0,0,0,0,0,0,0,0,0,1,0,0,0,1,0,1,1,1,0,1,0,1,1,1,0,1,0
7,1,1,1,4,1,"Yes, I like gardening",1,"Hobby, Healing - Reduce Stress",2,자동화 시스템,2,2,I can grow perfect and fresh herbs and vegetables,House,Design,2,3,2,5,1,1,2,Customization,2,3,"Fruits, Vegetables, Herbs",1,5,0,0,1,1,0,0,1,0,0,0,0,0,0,0,0,0,1,0,0,0,0,0,0,1,1,1,0
8,1,1,1,2,2,"I don't have time, I don't know how to take care of plants",2,"No, I don't own any plants",2,간편하게 식물을 집이나 사무실에서 재배할 수 있는 솔루션,1,2,"It is easy to use, To make the house look prettier","Office/business, Personal Business/Office space","Convenience, Brand, Design",4,4,3,4,2,2,5,"Aesthetic design, Event promotion",3,4,"Succulents, Flowers, Herbs, Air Purifying Plants",2,4,0,0,0,0,0,1,0,0,1,0,0,0,1,0,1,0,1,0,0,0,0,1,1,0,0,1,1
9,1,1,3,3,2,I don't know how to take care of plants,1,Decoration - Home interior,2,전자기기로 집을 지키는 것,1,2,"It is easy to use, Can minimize the time",House,"Convenience, Quality, Maintenance service",4,5,4,4,4,4,3,Aesthetic design,3,3,"Flowers, Herbs",2,3,1,0,0,0,0,1,0,0,0,0,1,0,1,1,0,0,0,1,0,0,0,0,1,0,0,1,0
10,1,1,3,1,2,"I don't have the space for plants, I don't enjoy gardening",2,"No, I don't own any plants",2,스마트 팩토리처럼 자동화,2,2,"I can grow perfect and fresh herbs and vegetables, Can minimize the time",House,"Convenience, Price",4,4,3,3,3,3,1,Customization,3,3,"Vegetables, Herbs",7,2,0,0,0,0,0,0,1,0,0,0,1,0,1,0,0,1,0,0,0,0,0,0,0,0,1,1,0
11,1,1,3,1,2,"I don't have time, I don't know how to take care of plants, I don't enjoy gardening, I have to keep the plants for long time",2,"No, I don't own any plants",1,자동 관리 ,1,2,"It is easy to use, To make the house look prettier",House,"Convenience, Quality, Price, Maintenance service",4,2,3,4,5,5,3,Comprehensive gardening guide,3,2,"Succulents, Fruits, Vegetables, Herbs, Air Purifying Plants",2,4,0,0,0,0,0,1,0,0,1,0,0,0,1,1,0,1,0,1,0,0,0,1,0,1,1,1,1
12,1,1,3,1,2,I don't enjoy gardening,1,Others,2,IOT가 결합된 가드닝,1,2,It is easy to use,House,"Quality, Innovation, Reliability, Safety",2,5,1,4,5,5,3,Event promotion,2,2,"Succulents, Flowers, Fruits, Vegetables, Herbs, Air Purifying Plants",2,3,0,0,0,0,0,1,0,0,0,0,0,0,0,1,0,0,0,0,1,1,1,1,1,1,1,1,1
13,1,1,3,1,2,"I don't know how to take care of plants, I don't have the space for plants",2,"No, I don't own any plants",2,알아서 자라는 식물..?,2,2,"It is easy to use, Can minimize the time","Office/business, Personal Business/Office space","Convenience, Price, Maintenance service",3,5,4,4,5,5,5,More technological features,2,3,"Succulents, Fruits, Herbs, Air Purifying Plants",1,3,0,0,0,0,0,1,0,0,0,0,1,0,1,0,0,1,0,1,0,0,0,1,0,1,0,1,1
14,1,1,3,4,2,"I don't know how to take care of plants, I don't have the space for plants, I don't like having bugs in the house",2,Decoration - Home interior,2,"자동 급수, 인공태양같은 효과, 좁은 땅에 최대효율",2,2,"I can grow perfect and fresh herbs and vegetables, Can minimize the time, I like smart technologies","House, Personal Business/Office space","Convenience, Design, Safety",4,3,3,3,5,5,4,"Aesthetic design, More plant options",3,3,Herbs,2,4,1,0,0,0,0,0,1,0,0,1,1,0,1,0,0,0,1,0,0,0,1,0,0,0,0,1,0
15,1,1,1,2,1,"Yes, I like gardening",2,"No, I don't own any plants",1,조경,1,2,It is easy to use,House,"Convenience, Price",3,3,3,3,3,3,4,Aesthetic design,1,5,"Flowers, Vegetables",1,4,0,0,0,0,0,1,0,0,0,0,0,0,1,0,0,1,0,0,0,0,0,0,1,0,1,0,0
16,1,1,3,1,1,I don't have time,2,"No, I don't own any plants",2,iot 기반 홈가드닝,2,2,I like smart technologies,House,"Maintenance service, Reliability",4,5,5,5,5,5,3,Event promotion,3,2,Herbs,2,2,0,0,0,0,0,0,0,0,0,1,0,0,0,0,0,0,0,1,0,1,0,0,0,0,0,1,0
17,1,1,2,1,1,"Yes, I like gardening",2,"No, I don't own any plants",1,전자적으로 관리가 편리한 가드닝시스템,1,2,"It is easy to use, I can grow perfect and fresh herbs and vegetables, Stress relief through plants, To make the house look prettier",House,"Convenience, Brand, Price, Design, Maintenance service",5,5,4,4,4,4,1,"Pick-up wilted plant option, More technological features, Comprehensive gardening guide",3,3,"Flowers, Fruits, Vegetables",2,5,0,0,0,0,0,1,1,0,1,0,0,1,1,0,1,1,1,1,0,0,0,0,1,1,1,0,0
18,1,1,1,2,1,"Yes, I like gardening",1,"Hobby, Healing - Reduce Stress",2,스마트팜,1,2,I can grow perfect and fresh herbs and vegetables,Office/business,Maintenance service,4,4,3,3,4,4,3,More technological features,1,3,"Herbs, Air Purifying Plants",1,4,0,0,1,1,0,0,1,0,0,0,0,0,0,0,0,0,0,1,0,0,0,0,0,0,0,1,1
19,1,1,3,1,2,I don't know how to take care of plants,2,"No, I don't own any plants",2,센서와 스마트 홈을 이용해 자동으로 식물을 관리하는 것,1,2,"It is easy to use, I can grow perfect and fresh herbs and vegetables, Stress relief through plants, Can minimize the time, To make the house look prettier, I like smart technologies","House, Office/business","Convenience, Price",3,4,4,4,5,5,4,"More technological features, Event promotion",1,2,"Fruits, Vegetables, Herbs, Air Purifying Plants",1,4,0,0,0,0,0,1,1,0,1,1,1,1,1,0,0,1,0,0,0,0,0,0,0,1,1,1,1
20,1,1,2,1,2,I don't enjoy gardening,2,"No, I don't own any plants",2,생활에 도움되는 정원,1,2,I like smart technologies,House,Reliability,5,5,4,4,5,4,5,Customization,2,2,Flowers,2,4,0,0,0,0,0,0,0,0,0,1,0,0,0,0,0,0,0,0,0,1,0,0,1,0,0,0,0
21,1,1,1,1,1,"Yes, I like gardening",1,"Decoration - Home interior, Growing herbs, veggies, fruits, Hobby, Healing - Reduce Stress, Well-being ",2,.,2,2,None,House,"Price, Safety",3,3,3,3,3,3,3,Event promotion,1,1,Vegetables,4,4,1,1,1,1,1,0,0,0,0,0,0,0,0,0,0,1,0,0,0,0,1,0,0,0,1,0,0
22,1,1,4,4,2,Others,1,Healing - Reduce Stress,2,알아서 식물이 죽지 않고 잘 자라도록 키워주는 것?,1,2,Can minimize the time,House,"Convenience, Quality, Design",5,3,2,2,5,5,3,None,1,6,"Vegetables, Herbs, Air Purifying Plants",1,4,0,0,0,1,0,0,0,0,0,0,1,0,1,1,0,0,1,0,0,0,0,0,0,0,1,1,1
23,1,1,1,2,2,"I don't have time, I don't know how to take care of plants, I don't have the space for plants, I don't know where to start",2,"No, I don't own any plants",2,모름,2,2,None,"Office/business, Personal Business/Office space","Convenience, Price, Design",4,3,3,3,3,3,4,"Aesthetic design, Customization, Comprehensive gardening guide",2,6,"Succulents, Flowers, Fruits, Herbs, Air Purifying Plants",1,3,0,0,0,0,0,0,0,0,0,0,0,0,1,0,0,1,1,0,0,0,0,1,1,1,0,1,1
24,1,1,2,2,2,I don't have time,1,Decoration - Home interior,2,집에서 스마트 기기를 이용해서 식물 키우는것,1,2,"It is easy to use, Can minimize the time, To make the house look prettier",House,"Convenience, Price, Design",3,4,3,4,4,4,3,"Aesthetic design, Customization",5,2,"Flowers, Air Purifying Plants",1,4,1,0,0,0,0,1,0,0,1,0,1,0,1,0,0,1,1,0,0,0,0,0,1,0,0,0,1
25,1,1,3,1,2,"I don't know how to take care of plants, I don't have the space for plants, I don't enjoy gardening",2,"No, I don't own any plants",2,Ai기반,2,2,To make the house look prettier,House,"Convenience, Design",4,4,4,4,4,4,2,Aesthetic design,2,4,Fruits,2,4,0,0,0,0,0,0,0,0,1,0,0,0,1,0,0,0,1,0,0,0,0,0,0,1,0,0,0
26,1,1,2,1,2,I don't enjoy gardening,1,Decoration - Home interior,2,보안시스템?,1,2,I like smart technologies,House,Convenience,4,3,2,2,4,4,3,More technological features,1,6,"Succulents, Air Purifying Plants",1,4,1,0,0,0,0,0,0,0,0,1,0,0,1,0,0,0,0,0,0,0,0,1,0,0,0,0,1
27,1,1,3,1,2,I don't know how to take care of plants,2,"No, I don't own any plants",2,첨단 기술로 집에서 식물을 키우는 시스템인것 같습니다.,1,2,"It is easy to use, I can grow perfect and fresh herbs and vegetables, I like smart technologies",House,"Convenience, Quality, Price, Maintenance service, Innovation, Reliability",5,4,3,2,4,4,4,"Aesthetic design, Customization, More technological features",3,2,"Succulents, Herbs, Air Purifying Plants",1,4,0,0,0,0,0,1,1,0,0,1,0,0,1,1,0,1,0,1,1,1,0,1,0,0,0,1,1
28,1,1,3,1,2,I don't have time,2,"No, I don't own any plants",2,automated gardening,1,2,It is easy to use,House,"Convenience, Quality, Design, Reliability",5,5,3,3,5,3,3,More technological features,1,3,"Succulents, Flowers, Herbs, Air Purifying Plants",1,3,0,0,0,0,0,1,0,0,0,0,0,0,1,1,0,0,1,0,0,1,0,1,1,0,0,1,1
29,1,1,1,2,2,Gardening is an expensive hobby,2,"No, I don't own any plants",2,기존 홈가드닝의 단점을 해결한 새로운 홈가드닝이라고 생각합니다.,2,2,I can grow perfect and fresh herbs and vegetables,Personal Business/Office space,"Price, Maintenance service, Reliability, Safety",4,4,4,5,5,5,3,More plant options,1,2,"Fruits, Vegetables",6,3,0,0,0,0,0,0,1,0,0,0,0,0,0,0,0,1,0,1,0,1,1,0,0,1,1,0,0
30,1,1,1,5,2,I don't have the space for plants,2,"No, I don't own any plants",2,It tech를 이용한 가드닝,2,2,It is easy to use,House,"Convenience, Quality, Price, Design, Maintenance service, Innovation, Reliability, Safety",5,5,4,5,5,5,4,More technological features,2,2,"Flowers, Herbs, Air Purifying Plants",1,4,0,0,0,0,0,1,0,0,0,0,0,0,1,1,0,1,1,1,1,1,1,0,1,0,0,1,1
31,1,1,3,1,1,I don't know how to take care of plants,2,"Decoration - Home interior, No, I don't own any plants",1,청결,1,2,Stress relief through plants,Office/business,Quality,2,1,2,2,1,1,4,Customization,2,2,Flowers,2,3,1,0,0,0,0,0,0,0,0,0,0,1,0,1,0,0,0,0,0,0,0,0,1,0,0,0,0
32,1,1,1,2,1,"Yes, I like gardening",2,"No, I don't own any plants",1,모바일로 연결되어 식물 상태,1,2,"Can minimize the time, I like smart technologies","House, Office/business, Personal Business/Office space","Convenience, Quality, Price, Design, Maintenance service",5,5,4,4,2,4,4,"Aesthetic design, Customization",3,3,"Flowers, Herbs, Air Purifying Plants",1,4,0,0,0,0,0,0,0,0,0,1,1,0,1,1,0,1,1,1,0,0,0,0,1,0,0,1,1
33,1,2,2,1,1,"Yes, I like gardening",1,Hobby,2,주기적으로 어떻게 관리해야하는지 알림을 주어서 하는 가드닝,1,2,I like smart technologies,House,Convenience,3,3,3,3,3,3,3,Aesthetic design,2,1,Vegetables,1,4,0,0,1,0,0,0,0,0,0,1,0,0,1,0,0,0,0,0,0,0,0,0,0,0,1,0,0
34,1,2,4,6,2,"I don't have time, I don't know how to take care of plants, I don't like having bugs in the house",2,"No, I don't own any plants",2,집에서 식물을 기르는것,2,2,Stress relief through plants,House,"Convenience, Quality, Price, Maintenance service",5,5,5,5,5,5,1,Aesthetic design,2,6,"Herbs, Air Purifying Plants",2,3,0,0,0,0,0,0,0,0,0,0,0,1,1,1,0,1,0,1,0,0,0,0,0,0,0,1,1
35,1,2,1,2,1,"I don't have time, I don't like having bugs in the house",1,"Hobby, Healing - Reduce Stress, Well-being ",1,집에서 농사짓기 ,1,2,"I can grow perfect and fresh herbs and vegetables, Stress relief through plants, To teach my kids about gardening/farming",House,"Convenience, Quality, Brand, Price, Design, Maintenance service, Innovation, Reliability, Safety",5,5,5,5,5,5,4,"Aesthetic design, Customization",1,5,"Flowers, Fruits, Vegetables, Air Purifying Plants",2,4,0,0,1,1,1,0,1,1,0,0,0,1,1,1,1,1,1,1,1,1,1,0,1,1,1,0,1
36,1,2,1,2,1,"Yes, I like gardening",2,"No, I don't own any plants",1,관리의 불편함을 해소하고 집에서도 식물을 편하게 다양하게 키울 수 있도록 해주는 것,1,2,"It is easy to use, Can minimize the time, I like smart technologies",House,"Convenience, Quality, Price, Design, Innovation, Reliability",1,5,5,3,5,5,1,"Aesthetic design, Customization, More plant options, More technological features",3,3,"Air Purifying Plants, Others",2,4,0,0,0,0,0,1,0,0,0,1,1,0,1,1,0,1,1,0,1,1,0,0,0,0,0,0,1
37,1,2,1,3,1,"Yes, I like gardening",2,"No, I don't own any plants",2,집에서 편하게 관리하는 가드닝?,1,2,"It is easy to use, I can grow perfect and fresh herbs and vegetables, To make the house look prettier","House, Office/business, Personal Business/Office space","Convenience, Quality, Price, Design, Maintenance service",4,4,2,3,3,4,4,More plant options,3,3,"Succulents, Herbs, Air Purifying Plants",1,4,0,0,0,0,0,1,1,0,1,0,0,0,1,1,0,1,1,1,0,0,0,1,0,0,0,1,1
38,1,2,3,1,2,I don't enjoy gardening,2,"No, I don't own any plants",1,LED 조명,2,2,It is easy to use,Office/business,Innovation,5,5,5,5,5,5,3,Aesthetic design,2,2,Air Purifying Plants,3,2,0,0,0,0,0,1,0,0,0,0,0,0,0,0,0,0,0,0,1,0,0,0,0,0,0,0,1
39,1,2,5,1,2,I don't like having bugs in the house,2,"No, I don't own any plants",1,IOT 조절 식물 생육,1,2,To teach my kids about gardening/farming,House,"Convenience, Price, Safety",4,4,4,4,4,4,4,"Aesthetic design, Customization, More plant options, Event promotion",3,3,"Succulents, Flowers, Herbs, Air Purifying Plants",2,4,0,0,0,0,0,0,0,1,0,0,0,0,1,0,0,1,0,0,0,0,1,1,1,0,0,1,1
40,1,2,3,1,1,"Yes, I like gardening",1,Hobby,2,어플로 가드닝에 대해 전문적으로 배우는것,1,2,I like smart technologies,House,Convenience,1,4,4,4,1,1,4,More plant options,1,5,Flowers,1,4,0,0,1,0,0,0,0,0,0,1,0,0,1,0,0,0,0,0,0,0,0,0,1,0,0,0,0
41,1,2,5,1,1,"Yes, I like gardening",1,"Decoration - Home interior, Well-being ",2,자동으로 물 주고 영양분 주는...?,2,2,"It is easy to use, Can minimize the time",Office/business,"Convenience, Quality, Design, Maintenance service, Safety",5,1,1,1,5,4,1,"Aesthetic design, More plant options",2,6,Air Purifying Plants,2,3,1,0,0,0,1,1,0,0,0,0,1,0,1,1,0,0,1,1,0,0,1,0,0,0,0,0,1
42,1,2,2,1,1,"Yes, I like gardening",1,"Decoration - Home interior, Hobby, Healing - Reduce Stress",2,센서가 수분및 양분 광량 습도 조절을 해줌,1,2,"It is easy to use, I can grow perfect and fresh herbs and vegetables, Stress relief through plants",House,"Convenience, Price, Design",4,4,4,4,4,4,3,"More technological features, Others",2,1,Air Purifying Plants,1,5,1,0,1,1,0,1,1,0,0,0,0,1,1,0,0,1,1,0,0,0,0,0,0,0,0,0,1
43,1,2,1,2,1,"Yes, I like gardening",1,Healing - Reduce Stress,2,처음 들어봅니다,1,2,"It is easy to use, Stress relief through plants","House, Office/business, Personal Business/Office space","Convenience, Quality, Price, Design, Maintenance service",2,3,2,3,1,1,3,More technological features,2,3,"Succulents, Herbs, Air Purifying Plants",1,4,0,0,0,1,0,1,0,0,0,0,0,1,1,1,0,1,1,1,0,0,0,1,0,0,0,1,1
44,1,2,3,1,2,I don't know how to take care of plants,2,"No, I don't own any plants",1,꽃키우는거,2,2,I like smart technologies,Office/business,Convenience,2,2,2,2,2,2,3,Event promotion,2,4,Air Purifying Plants,6,5,0,0,0,0,0,0,0,0,0,1,0,0,1,0,0,0,0,0,0,0,0,0,0,0,0,0,1
45,1,2,1,2,2,"I don't have time, I don't like having bugs in the house, 신경을 못쓰면 죽어버린다 ",2,"No, I don't own any plants",2, 모름,1,2,Stress relief through plants,House,"Convenience, Price",1,4,4,4,4,4,5,Aesthetic design,2,4,"Flowers, Fruits, Herbs",1,3,0,0,0,0,0,0,0,0,0,0,0,1,1,0,0,1,0,0,0,0,0,0,1,1,0,1,0
46,1,2,3,1,1,"Yes, I like gardening",1,"Decoration - Home interior, Growing herbs, veggies, fruits, Hobby, Healing - Reduce Stress",2,처음 들어봅니다,1,2,"It is easy to use, I can grow perfect and fresh herbs and vegetables, Stress relief through plants, To teach my kids about gardening/farming, To make the house look prettier","House, Office/business, Personal Business/Office space","Convenience, Quality, Price, Design, Maintenance service, Innovation, Reliability, Safety",4,4,4,4,4,4,4,"Aesthetic design, Customization, More plant options, Pick-up wilted plant option, More technological features",2,3,"Succulents, Herbs, Air Purifying Plants",1,5,1,1,1,1,0,1,1,1,1,0,0,1,1,1,0,1,1,1,1,1,1,1,0,0,0,1,1
47,1,2,1,2,2,I don't enjoy gardening,2,"No, I don't own any plants",2,집에서 쉽게 식물 키우기,2,2,To make the house look prettier,House,Convenience,5,1,1,1,1,1,3,Customization,1,1,"Flowers, Air Purifying Plants",4,3,0,0,0,0,0,0,0,0,1,0,0,0,1,0,0,0,0,0,0,0,0,0,1,0,0,0,1
48,1,2,2,1,1,I don't like having bugs in the house,1,Decoration - Home interior,2,쉽고 체계적인 관리,1,2,"It is easy to use, To make the house look prettier","House, Office/business","Convenience, Quality, Design, Maintenance service",2,3,3,2,4,4,4,Aesthetic design,4,3,"Flowers, Air Purifying Plants",2,4,1,0,0,0,0,1,0,0,1,0,0,0,1,1,0,0,1,1,0,0,0,0,1,0,0,0,1
49,1,2,3,1,2,I don't have time,1,Decoration - Home interior,1,자동으로 물을 주고 채광을 조절해 주는 시스템,2,1,I like smart technologies,Personal Business/Office space,"Price, Maintenance service, Reliability",2,2,2,3,2,2,3,More technological features,1,4,"Flowers, Air Purifying Plants",3,4,1,0,0,0,0,0,0,0,0,1,0,0,0,0,0,1,0,1,0,1,0,0,1,0,0,0,1
50,1,2,1,2,1,"Yes, I like gardening",2,"No, I don't own any plants",2,데코 의미 이상으로 집에서 식물을 재배하는 것,2,2,"It is easy to use, Can minimize the time, I like smart technologies",Office/business,Design,5,3,3,4,4,4,4,"Aesthetic design, Customization, Event promotion",2,3,"Flowers, Vegetables, Herbs, Air Purifying Plants",1,3,0,0,0,0,0,1,0,0,0,1,1,0,0,0,0,0,1,0,0,0,0,0,1,0,1,1,1
51,1,2,3,1,2,"I don't enjoy gardening, I don't like having bugs in the house",2,"No, I don't own any plants",2,가드닝을 하는데 드는 노력을 없애주는 서비스,2,2,I can grow perfect and fresh herbs and vegetables,House,"Convenience, Quality, Price, Maintenance service, Reliability, Safety",3,3,3,3,5,5,4,"More technological features, Comprehensive gardening guide",2,3,Herbs,1,4,0,0,0,0,0,0,1,0,0,0,0,0,1,1,0,1,0,1,0,1,1,0,0,0,0,1,0
52,1,2,5,1,2,I don't have time,2,"No, I don't own any plants",2,웰스,2,2,To teach my kids about gardening/farming,Office/business,Design,4,4,3,3,4,4,5,Aesthetic design,2,4,Herbs,1,3,0,0,0,0,0,0,0,1,0,0,0,0,0,0,0,0,1,0,0,0,0,0,0,0,0,1,0
53,1,2,1,4,1,"Yes, I like gardening",2,"No, I don't own any plants",2,원격 가드닝?,2,2,Stress relief through plants,House,"Convenience, Quality, Price",3,5,4,4,4,5,2,"Aesthetic design, Comprehensive gardening guide",2,6,Flowers,1,2,0,0,0,0,0,0,0,0,0,0,0,1,1,1,0,1,0,0,0,0,0,0,1,0,0,0,0
54,1,2,5,1,1,"Yes, I like gardening",1,Decoration - Home interior,1,육성에도움이되는디지털기술,1,2,I can grow perfect and fresh herbs and vegetables,House,Convenience,4,4,4,4,4,4,5,"Aesthetic design, Customization",1,1,Air Purifying Plants,1,5,1,0,0,0,0,0,1,0,0,0,0,0,1,0,0,0,0,0,0,0,0,0,0,0,0,0,1
55,1,2,5,1,1,"Yes, I like gardening",1,Healing - Reduce Stress,2,모릅니다,1,2,It is easy to use,House,Convenience,5,3,3,3,5,5,4,Comprehensive gardening guide,3,2,"Fruits, Vegetables",2,4,0,0,0,1,0,1,0,0,0,0,0,0,1,0,0,0,0,0,0,0,0,0,0,1,1,0,0
56,1,2,1,2,1,"Yes, I like gardening",1,Others,1,변화,2,2,Can minimize the time,Personal Business/Office space,"Convenience, Safety",3,5,4,3,1,1,3,Comprehensive gardening guide,5,4,Others,2,2,0,0,0,0,0,0,0,0,0,0,1,0,1,0,0,0,0,0,0,0,1,0,0,0,0,0,0
57,1,2,1,2,2,I don't have the space for plants,2,"No, I don't own any plants",2,스마트 홈가드닝,2,2,It is easy to use,Office/business,Convenience,5,5,5,5,5,5,4,Aesthetic design,1,3,Herbs,1,3,0,0,0,0,0,1,0,0,0,0,0,0,1,0,0,0,0,0,0,0,0,0,0,0,0,1,0
58,1,2,1,1,2,I don't enjoy gardening,2,"No, I don't own any plants",2,.,2,2,None,House,"Reliability, Safety",4,1,1,4,4,4,3,More technological features,3,6,"Flowers, Air Purifying Plants",1,1,0,0,0,0,0,0,0,0,0,0,0,0,0,0,0,0,0,0,0,1,1,0,1,0,0,0,1
59,1,2,5,1,1,I don't have the space for plants,1,"Decoration - Home interior, Growing herbs, veggies, fruits",1,집에서 쉽게 식물을 키울 수 있는 것,1,2,To teach my kids about gardening/farming,House,"Convenience, Quality, Price, Design, Maintenance service",4,4,4,4,4,4,4,"Aesthetic design, Comprehensive gardening guide, Event promotion",2,4,"Flowers, Fruits, Vegetables",2,4,1,1,0,0,0,0,0,1,0,0,0,0,1,1,0,1,1,1,0,0,0,0,1,1,1,0,0
60,1,2,4,1,1,"Yes, I like gardening",1,Decoration - Home interior,1,스마트,2,2,"It is easy to use, Can minimize the time","House, Office/business","Convenience, Quality, Price, Design",4,5,5,5,5,4,4,"Customization, Pick-up wilted plant option",2,3,"Succulents, Flowers, Herbs, Air Purifying Plants",2,4,1,0,0,0,0,1,0,0,0,0,1,0,1,1,0,1,1,0,0,0,0,1,1,0,0,1,1
61,1,2,1,1,2,I don't have time,2,"No, I don't own any plants",2,모름,2,2,None,Office/business,Design,5,1,1,5,5,5,4,"Aesthetic design, Customization",5,6,Air Purifying Plants,6,2,0,0,0,0,0,0,0,0,0,0,0,0,0,0,0,0,1,0,0,0,0,0,0,0,0,0,1
62,1,2,1,2,2,"Gardening is an expensive hobby, I don't know where to start",2,"No, I don't own any plants",2,집에서 키우는 식물,2,2,It is easy to use,Office/business,Convenience,4,3,3,3,4,4,4,Customization,1,4,"Succulents, Flowers, Air Purifying Plants",3,3,0,0,0,0,0,1,0,0,0,0,0,0,1,0,0,0,0,0,0,0,0,1,1,0,0,0,1
63,1,2,3,1,1,"Yes, I like gardening",1,Well-being ,1,"IOT, 스마트폰, AI ",2,2,To make the house look prettier,Office/business,"Quality, Price, Design, Maintenance service, Reliability, Safety",5,4,4,4,5,5,1,"More technological features, Event promotion",3,5,Air Purifying Plants,1,4,0,0,0,0,1,0,0,0,1,0,0,0,0,1,0,1,1,1,0,1,1,0,0,0,0,0,1
64,1,2,5,1,1,"Yes, I like gardening",1,Healing - Reduce Stress,2,삶의 여유,2,2,"Can minimize the time, I like smart technologies",Personal Business/Office space,"Convenience, Maintenance service, Innovation",5,5,5,5,5,5,3,More technological features,1,2,Flowers,1,3,0,0,0,1,0,0,0,0,0,1,1,0,1,0,0,0,0,1,1,0,0,0,1,0,0,0,0
65,1,2,1,2,2,"I don't have time, I don't know how to take care of plants, I don't have the space for plants, I don't like having bugs in the house",2,"No, I don't own any plants",2,모름,1,2,It is easy to use,Office/business,Convenience,4,4,4,4,4,4,3,Customization,1,4,"Flowers, Air Purifying Plants",2,2,0,0,0,0,0,1,0,0,0,0,0,0,1,0,0,0,0,0,0,0,0,0,1,0,0,0,1
66,1,2,2,1,2,I don't enjoy gardening,1,Decoration - Home interior,2,자동으로 정원을 가꾸는 것,2,2,It is easy to use,House,Price,4,4,3,3,4,4,4,More plant options,1,4,"Herbs, Air Purifying Plants",1,2,1,0,0,0,0,1,0,0,0,0,0,0,0,0,0,1,0,0,0,0,0,0,0,0,0,1,1
67,1,2,5,1,2,I don't enjoy gardening,2,"No, I don't own any plants",2,몰름,2,2,None,House,Convenience,4,4,4,4,4,4,4,None,1,6,Fruits,7,1,0,0,0,0,0,0,0,0,0,0,0,0,1,0,0,0,0,0,0,0,0,0,0,1,0,0,0
68,1,2,3,1,2,I don't like having bugs in the house,2,"No, I don't own any plants",2,실내 공기 정화,2,2,To make the house look prettier,Office/business,Maintenance service,5,5,5,5,5,5,4,Comprehensive gardening guide,2,3,"Succulents, Air Purifying Plants",1,3,0,0,0,0,0,0,0,0,1,0,0,0,0,0,0,0,0,1,0,0,0,1,0,0,0,0,1
69,1,2,5,1,2,I don't know how to take care of plants,1,Decoration - Home interior,2,"집에서 물주기 타이머, 조명 타이머 등 it 기기를 이용해 식물을 키우는 것?",1,2,"It is easy to use, I can grow perfect and fresh herbs and vegetables, Stress relief through plants, To teach my kids about gardening/farming, To make the house look prettier",House,"Convenience, Quality, Price, Design, Reliability, Safety",3,4,4,4,5,5,4,"Aesthetic design, Customization, More plant options, Pick-up wilted plant option, More technological features, Comprehensive gardening guide",4,4,"Flowers, Vegetables, Herbs, Air Purifying Plants",6,4,1,0,0,0,0,1,1,1,1,0,0,1,1,1,0,1,1,0,0,1,1,0,1,0,1,1,1
70,1,2,2,1,2,"I don't have time, I don't know how to take care of plants, I don't enjoy gardening, I don't like having bugs in the house",2,"No, I don't own any plants",2,자동 하우스 환경 조정 제어 장치,2,2,Stress relief through plants,Personal Business/Office space,"Convenience, Price",5,1,1,5,5,5,2,"Aesthetic design, Customization, More plant options",5,2,"Herbs, Air Purifying Plants",1,4,0,0,0,0,0,0,0,0,0,0,0,1,1,0,0,1,0,0,0,0,0,0,0,0,0,1,1
71,1,2,2,1,2,"I don't have time, I don't know how to take care of plants, I don't like having bugs in the house",1,Decoration - Home interior,2,몰라요,1,2,"It is easy to use, I can grow perfect and fresh herbs and vegetables, Stress relief through plants, Can minimize the time, To make the house look prettier",House,"Convenience, Price, Design, Maintenance service",2,3,3,3,3,3,5,Aesthetic design,2,1,"Flowers, Air Purifying Plants",1,4,1,0,0,0,0,1,1,0,1,0,1,1,1,0,0,1,1,1,0,0,0,0,1,0,0,0,1
72,1,2,5,1,2,"I don't have time, I don't have the space for plants",1,Hobby,2,자동급수 식물상태알림 ,1,2,It is easy to use,House,"Convenience, Quality, Price",5,4,4,3,5,4,4,Aesthetic design,2,4,"Flowers, Herbs, Air Purifying Plants",1,3,0,0,1,0,0,1,0,0,0,0,0,0,1,1,0,1,0,0,0,0,0,0,1,0,0,1,1
73,1,2,5,1,1,"Yes, I like gardening",1,"Decoration - Home interior, Healing - Reduce Stress",2,자동으로 식물을 관리해주는 시스템,1,2,"It is easy to use, I can grow perfect and fresh herbs and vegetables, To teach my kids about gardening/farming, To make the house look prettier, I like smart technologies",House,"Convenience, Price",2,1,1,1,5,5,4,"More plant options, More technological features",4,2,"Flowers, Fruits, Herbs",1,5,1,0,0,1,0,1,1,1,1,1,0,0,1,0,0,1,0,0,0,0,0,0,1,1,0,1,0
74,1,2,2,1,2,I don't have the space for plants,2,"No, I don't own any plants",2,잘 모르겠습니다. 인공지능 + 가드닝!?,2,2,"It is easy to use, To teach my kids about gardening/farming",House,"Maintenance service, Safety",4,4,5,5,5,4,2,Comprehensive gardening guide,1,3,"Flowers, Air Purifying Plants",1,3,0,0,0,0,0,1,0,1,0,0,0,0,0,0,0,0,0,1,0,0,1,0,1,0,0,0,1
75,1,2,1,5,2,I don't have time,2,Hobby,2,모르겠습니다,1,2,Stress relief through plants,Office/business,Convenience,5,4,5,4,5,4,5,Aesthetic design,1,6,Herbs,1,4,0,0,1,0,0,0,0,0,0,0,0,1,1,0,0,0,0,0,0,0,0,0,0,0,0,1,0
76,1,2,2,1,1,"Yes, I like gardening",1,Decoration - Home interior,2,가든 자동화,2,2,"To make the house look prettier, I like smart technologies",House,"Price, Design, Maintenance service, Innovation",2,4,4,4,4,4,5,"Aesthetic design, Customization, More plant options, More technological features",2,3,"Succulents, Flowers, Air Purifying Plants",5,4,1,0,0,0,0,0,0,0,1,1,0,0,0,0,0,1,1,1,1,0,0,1,1,0,0,0,1
77,1,2,3,3,2,I don't have time,2,"No, I don't own any plants",2,자동햇빛조절 자동수분조절,2,2,"It is easy to use, Stress relief through plants, Can minimize the time, To make the house look prettier",House,"Quality, Price, Maintenance service",5,5,3,2,3,3,3,"More plant options, More technological features, Event promotion",1,5,"Herbs, Air Purifying Plants",1,2,0,0,0,0,0,1,0,0,1,0,1,1,0,1,0,1,0,1,0,0,0,0,0,0,0,1,1
78,1,2,3,1,2,I don't know how to take care of plants,2,"No, I don't own any plants",2,쉽게 식물을 기를 수 있는 시스템,1,2,"It is easy to use, To teach my kids about gardening/farming, Can minimize the time",House,Convenience,3,3,3,5,4,4,3,More technological features,2,4,Flowers,3,3,0,0,0,0,0,1,0,1,0,0,1,0,1,0,0,0,0,0,0,0,0,0,1,0,0,0,0
79,1,2,1,2,2,I don't have time,2,Decoration - Home interior,2,황경 ,2,2,I can grow perfect and fresh herbs and vegetables,House,Brand,2,2,1,3,2,3,4,More technological features,1,1,"Flowers, Fruits, Vegetables",1,4,1,0,0,0,0,0,1,0,0,0,0,0,0,0,1,0,0,0,0,0,0,0,1,1,1,0,0
80,1,2,1,2,1,"Yes, I like gardening",2,"No, I don't own any plants",2,가든,1,2,It is easy to use,"House, Office/business, Personal Business/Office space","Convenience, Price, Design",4,1,2,1,3,3,1,"Aesthetic design, Customization, Pick-up wilted plant option",1,4,Air Purifying Plants,3,3,0,0,0,0,0,1,0,0,0,0,0,0,1,0,0,1,1,0,0,0,0,0,0,0,0,0,1
81,1,2,5,1,2,I don't enjoy gardening,2,"No, I don't own any plants",1,가정원예,1,2,"It is easy to use, To teach my kids about gardening/farming",House,"Convenience, Price, Reliability, Safety",5,5,5,5,5,5,5,Aesthetic design,1,4,Air Purifying Plants,1,5,0,0,0,0,0,1,0,1,0,0,0,0,1,0,0,1,0,0,0,1,1,0,0,0,0,0,1
82,1,2,3,1,2,I don't have time,2,"No, I don't own any plants",2,자동,2,2,"It is easy to use, I can grow perfect and fresh herbs and vegetables, Stress relief through plants, To teach my kids about gardening/farming, Can minimize the time, To make the house look prettier, I like smart technologies","House, Office/business, Personal Business/Office space","Reliability, Safety",5,5,4,5,4,4,5,Pick-up wilted plant option,2,2,Succulents,2,1,0,0,0,0,0,1,1,1,1,1,1,1,0,0,0,0,0,0,0,1,1,1,0,0,0,0,0
83,1,2,2,1,2,I don't enjoy gardening,1,Decoration - Home interior,2,알아서 식물을 잘 자라게 하는것,1,2,It is easy to use,House,Innovation,1,5,5,5,5,5,5,More technological features,2,5,"Herbs, Air Purifying Plants",1,4,1,0,0,0,0,1,0,0,0,0,0,0,0,0,0,0,0,0,1,0,0,0,0,0,0,1,1
84,1,2,2,1,1,"Yes, I like gardening",1,Hobby,2,스마트하게 홈가드닝,1,2,I like smart technologies,House,"Convenience, Quality, Price, Design, Maintenance service, Reliability, Safety",4,4,4,4,5,3,1,More technological features,2,3,"Flowers, Herbs, Air Purifying Plants",2,4,0,0,1,0,0,0,0,0,0,1,0,0,1,1,0,1,1,1,0,1,1,0,1,0,0,1,1
85,1,2,3,1,2,I don't enjoy gardening,1,Decoration - Home interior,2,집안에서 식물을 키우는것,1,2,Stress relief through plants,House,"Brand, Price",4,4,4,3,4,4,3,"Aesthetic design, Comprehensive gardening guide",1,2,"Succulents, Flowers",2,4,1,0,0,0,0,0,0,0,0,0,0,1,0,0,1,1,0,0,0,0,0,1,1,0,0,0,0
86,1,2,1,2,2,I don't enjoy gardening,2,"No, I don't own any plants",2,식물 스스로 키우는것,1,2,To make the house look prettier,House,"Convenience, Design",4,5,5,5,5,5,1,Aesthetic design,2,6,Flowers,2,4,0,0,0,0,0,0,0,0,1,0,0,0,1,0,0,0,1,0,0,0,0,0,1,0,0,0,0
87,1,2,1,2,2,Others,1,Healing - Reduce Stress,2,몰라요,2,2,"It is easy to use, Stress relief through plants, Can minimize the time",House,"Convenience, Price, Maintenance service, Reliability, Safety",4,4,4,4,4,4,4,More technological features,2,1,"Succulents, Vegetables, Herbs, Air Purifying Plants",1,2,0,0,0,1,0,1,0,0,0,0,1,1,1,0,0,1,0,1,0,1,1,1,0,0,1,1,1
88,1,2,3,1,1,"Yes, I like gardening",1,Decoration - Home interior,2,모르겠습니다,1,2,"It is easy to use, Can minimize the time",House,"Convenience, Quality, Design",5,5,2,2,5,5,3,Aesthetic design,2,4,"Flowers, Air Purifying Plants",1,5,1,0,0,0,0,1,0,0,0,0,1,0,1,1,0,0,1,0,0,0,0,0,1,0,0,0,1
89,1,2,1,1,2,I don't know how to take care of plants,2,"No, I don't own any plants",2,잘모름,1,2,I like smart technologies,House,"Quality, Design, Maintenance service",4,4,3,3,4,4,3,Aesthetic design,2,5,"Herbs, Air Purifying Plants",1,3,0,0,0,0,0,0,0,0,0,1,0,0,0,1,0,0,1,1,0,0,0,0,0,0,0,1,1
90,1,2,1,2,1,"Yes, I like gardening",1,"Decoration - Home interior, Well-being ",2,식물을 활용하여 집을 꾸미는 형태?,1,2,"It is easy to use, I can grow perfect and fresh herbs and vegetables, Can minimize the time",House,"Convenience, Price, Safety",5,5,4,3,3,4,3,"Customization, More plant options, More technological features",2,3,"Herbs, Air Purifying Plants",1,5,1,0,0,0,1,1,1,0,0,0,1,0,1,0,0,1,0,0,0,0,1,0,0,0,0,1,1
91,1,2,5,1,2,I don't have time,1,Decoration - Home interior,2,알아서 식물을 관리해주는 시스템,2,2,To make the house look prettier,House,Innovation,2,4,3,3,5,5,3,Aesthetic design,2,6,Air Purifying Plants,1,2,1,0,0,0,0,0,0,0,1,0,0,0,0,0,0,0,0,0,1,0,0,0,0,0,0,0,1
92,1,4,5,1,1,I don't like having bugs in the house,1,Hobby,1,집에서 키우는 식물,2,1,I can grow perfect and fresh herbs and vegetables,House,Convenience,3,1,1,1,3,3,4,More plant options,1,2,Vegetables,1,3,0,0,1,0,0,0,1,0,0,0,0,0,1,0,0,0,0,0,0,0,0,0,0,0,1,0,0
93,1,3,5,1,1,I don't have the space for plants,1,Healing - Reduce Stress,2,알아서 누군가 관리 해주는 ,1,2,Stress relief through plants,Office/business,Convenience,3,1,1,2,5,5,1,Aesthetic design,2,4,"Flowers, Herbs",2,4,0,0,0,1,0,0,0,0,0,0,0,1,1,0,0,0,0,0,0,0,0,0,1,0,0,1,0
94,1,3,3,1,2,I don't have the space for plants,1,Healing - Reduce Stress,1,실내 주거공간에 꾸미는 화단이나 식물배치,1,2,"Stress relief through plants, To make the house look prettier","House, Office/business","Convenience, Design, Maintenance service, Reliability",3,2,3,2,4,4,1,"More plant options, Pick-up wilted plant option",4,3,"Herbs, Air Purifying Plants",6,5,0,0,0,1,0,0,0,0,1,0,0,1,1,0,0,0,1,1,0,1,0,0,0,0,0,1,1
95,1,3,5,1,1,"Yes, I like gardening",1,Well-being ,2,집에서 간편하게 키울수 있는 화분,2,2,It is easy to use,House,"Convenience, Design",5,4,4,5,5,5,5,More plant options,1,4,Succulents,2,4,0,0,0,0,1,1,0,0,0,0,0,0,1,0,0,0,1,0,0,0,0,1,0,0,0,0,0
96,1,3,3,1,2,I don't have time,1,Healing - Reduce Stress,1,공기정화 관엽식물,2,2,Stress relief through plants,House,Maintenance service,4,1,4,4,4,4,1,Pick-up wilted plant option,1,2,Air Purifying Plants,1,1,0,0,0,1,0,0,0,0,0,0,0,1,0,0,0,0,0,1,0,0,0,0,0,0,0,0,1
97,1,3,1,2,2,"I don't have the space for plants, I don't enjoy gardening, Gardening is an expensive hobby",2,"No, I don't own any plants",2,집에서 키우는 식물,2,2,It is easy to use,House,"Convenience, Quality, Price, Design, Maintenance service",4,4,2,2,4,4,1,Aesthetic design,1,5,Flowers,2,2,0,0,0,0,0,1,0,0,0,0,0,0,1,1,0,1,1,1,0,0,0,0,1,0,0,0,0
98,1,3,3,1,2,I don't have time,1,Decoration - Home interior,2,모름,2,2,I can grow perfect and fresh herbs and vegetables,House,"Convenience, Price, Design, Safety",4,4,4,4,4,4,3,"Aesthetic design, Event promotion",2,4,"Flowers, Herbs, Air Purifying Plants",2,3,1,0,0,0,0,0,1,0,0,0,0,0,1,0,0,1,1,0,0,0,1,0,1,0,0,1,1
99,1,3,1,4,1,"Yes, I like gardening",1,"Growing herbs, veggies, fruits, Healing - Reduce Stress, Well-being ",1,집에서 식물을 키우는 것,1,2,"It is easy to use, I can grow perfect and fresh herbs and vegetables",House,"Convenience, Quality, Design",5,5,5,5,5,5,4,"Aesthetic design, More plant options",2,3,"Vegetables, Herbs",1,4,0,1,0,1,1,1,1,0,0,0,0,0,1,1,0,0,1,0,0,0,0,0,0,0,1,1,0
100,1,3,5,1,1,"Yes, I like gardening",1,"Decoration - Home interior, Growing herbs, veggies, fruits",2,IT 기기를 활용한 홈 가드닝,1,2,I can grow perfect and fresh herbs and vegetables,House,"Convenience, Quality, Price, Design, Maintenance service",3,4,4,4,4,3,1,Comprehensive gardening guide,2,3,"Succulents, Flowers, Vegetables",1,4,1,1,0,0,0,0,1,0,0,0,0,0,1,1,0,1,1,1,0,0,0,1,1,0,1,0,0
101,1,3,5,1,2,"I don't know how to take care of plants, I don't like having bugs in the house",2,"No, I don't own any plants",1,웰빙,1,2,"It is easy to use, To teach my kids about gardening/farming",Office/business,"Convenience, Quality",4,4,3,3,4,4,5,More technological features,1,2,"Flowers, Air Purifying Plants",2,3,0,0,0,0,0,1,0,1,0,0,0,0,1,1,0,0,0,0,0,0,0,0,1,0,0,0,1
102,1,3,2,2,2,I don't know how to take care of plants,1,Decoration - Home interior,2,IoT기술을 활용한 가드닝,1,2,"It is easy to use, Can minimize the time",House,"Convenience, Maintenance service",4,4,5,4,4,4,1,"Aesthetic design, More technological features",2,2,"Succulents, Air Purifying Plants",1,3,1,0,0,0,0,1,0,0,0,0,1,0,1,0,0,0,0,1,0,0,0,1,0,0,0,0,1
103,1,3,5,1,1,"Yes, I like gardening",1,Decoration - Home interior,1,IOT 식물?,1,2,"It is easy to use, To teach my kids about gardening/farming",House,"Convenience, Price, Design, Maintenance service",4,5,4,4,4,5,4,"Comprehensive gardening guide, Event promotion",5,3,"Vegetables, Air Purifying Plants",2,5,1,0,0,0,0,1,0,1,0,0,0,0,1,0,0,1,1,1,0,0,0,0,0,0,1,0,1
104,1,3,5,1,1,"Yes, I like gardening",1,Decoration - Home interior,1,IOT 식물?,1,2,"It is easy to use, To teach my kids about gardening/farming",House,"Convenience, Price, Design, Maintenance service",4,5,4,4,4,5,4,"Comprehensive gardening guide, Event promotion",5,3,"Vegetables, Air Purifying Plants",2,5,1,0,0,0,0,1,0,1,0,0,0,0,1,0,0,1,1,1,0,0,0,0,0,0,1,0,1
105,1,3,5,1,2,I don't enjoy gardening,2,"No, I don't own any plants",2,잘 모르겠습니다 it기술의 도움을 받는것으로 언뜻 느껴집니다,2,2,It is easy to use,Office/business,Quality,2,2,3,2,1,1,4,More technological features,2,5,"Flowers, Air Purifying Plants",1,1,0,0,0,0,0,1,0,0,0,0,0,0,0,1,0,0,0,0,0,0,0,0,1,0,0,0,1
106,1,3,5,1,1,"Yes, I like gardening",1,Healing - Reduce Stress,1,집에서 손쉽게 식물을 가꾸는 것,2,2,To make the house look prettier,House,"Convenience, Price, Design, Maintenance service, Reliability, Safety",1,3,1,1,5,3,3,Aesthetic design,2,3,"Flowers, Herbs, Air Purifying Plants",3,4,0,0,0,1,0,0,0,0,1,0,0,0,1,0,0,1,1,1,0,1,1,0,1,0,0,1,1
107,1,3,3,1,2,I don't have time,2,"No, I don't own any plants",2,편리한 실내 가든 생활,2,2,I can grow perfect and fresh herbs and vegetables,House,"Convenience, Price, Design",5,5,3,3,5,5,4,Event promotion,4,4,"Fruits, Vegetables",1,3,0,0,0,0,0,0,1,0,0,0,0,0,1,0,0,1,1,0,0,0,0,0,0,1,1,0,0
108,1,3,5,1,2,I don't enjoy gardening,1,Decoration - Home interior,1,뭔가를 방어해주는 시설,2,2,Stress relief through plants,House,"Price, Design",1,1,1,1,5,3,3,Aesthetic design,2,6,Air Purifying Plants,1,2,1,0,0,0,0,0,0,0,0,0,0,1,0,0,0,1,1,0,0,0,0,0,0,0,0,0,1
109,1,3,5,3,1,I don't have time,2,"No, I don't own any plants",2,손쉬운 관리,1,2,It is easy to use,Office/business,"Convenience, Design, Safety",5,5,5,5,5,5,4,"Aesthetic design, Customization",1,3,"Flowers, Air Purifying Plants",1,3,0,0,0,0,0,1,0,0,0,0,0,0,1,0,0,0,1,0,0,0,1,0,1,0,0,0,1
110,1,3,2,1,2,I don't like having bugs in the house,1,Decoration - Home interior,1,편리,1,2,To make the house look prettier,House,Convenience,3,4,5,5,5,5,1,Customization,1,2,"Flowers, Fruits, Herbs",2,4,1,0,0,0,0,0,0,0,1,0,0,0,1,0,0,0,0,0,0,0,0,0,1,1,0,1,0
111,1,3,1,4,2,I don't have time,2,"No, I don't own any plants",2,집에서 화분 키우기,2,2,Stress relief through plants,Office/business,Convenience,3,4,4,5,4,4,2,Customization,4,3,Flowers,1,4,0,0,0,0,0,0,0,0,0,0,0,1,1,0,0,0,0,0,0,0,0,0,1,0,0,0,0
112,1,3,3,1,1,"Yes, I like gardening",1,"Decoration - Home interior, Growing herbs, veggies, fruits",1,편리한 조경,1,2,"It is easy to use, I can grow perfect and fresh herbs and vegetables","House, Office/business","Convenience, Quality",5,5,5,5,5,5,5,"Aesthetic design, More plant options",2,3,"Succulents, Flowers, Vegetables",2,5,1,1,0,0,0,1,1,0,0,0,0,0,1,1,0,0,0,0,0,0,0,1,1,0,1,0,0
113,1,3,5,1,1,"Yes, I like gardening",1,Decoration - Home interior,1,불편함,2,2,It is easy to use,Office/business,"Convenience, Price",5,5,4,4,5,5,4,"Aesthetic design, Customization",2,3,"Flowers, Herbs",1,4,1,0,0,0,0,1,0,0,0,0,0,0,1,0,0,1,0,0,0,0,0,0,1,0,0,1,0
114,1,3,2,1,1,"Yes, I like gardening",1,"Decoration - Home interior, Growing herbs, veggies, fruits",1,네,1,2,"It is easy to use, I can grow perfect and fresh herbs and vegetables, Stress relief through plants","House, Office/business","Convenience, Quality, Reliability",5,5,4,4,4,4,1,"More plant options, Pick-up wilted plant option",2,1,"Succulents, Herbs, Air Purifying Plants",1,4,1,1,0,0,0,1,1,0,0,0,0,1,1,1,0,0,0,0,0,1,0,1,0,0,0,1,1
115,1,3,1,2,1,I don't have the space for plants,1,Healing - Reduce Stress,2,스마트하게 집환경을 개선하는 효과,2,1,"I can grow perfect and fresh herbs and vegetables, Stress relief through plants","House, Office/business","Convenience, Brand, Price, Reliability",4,4,4,4,4,4,5,"More plant options, More technological features, Comprehensive gardening guide, Event promotion",2,2,"Vegetables, Herbs, Air Purifying Plants",1,3,0,0,0,1,0,0,1,0,0,0,0,1,1,0,1,1,0,0,0,1,0,0,0,0,1,1,1
116,1,3,5,1,1,I don't have the space for plants,1,Healing - Reduce Stress,2,글세요,2,2,To make the house look prettier,House,Convenience,5,4,4,4,4,4,2,"Aesthetic design, More plant options",1,2,"Succulents, Flowers",6,2,0,0,0,1,0,0,0,0,1,0,0,0,1,0,0,0,0,0,0,0,0,1,1,0,0,0,0
117,1,3,5,1,2,"I don't enjoy gardening, Gardening is an expensive hobby",1,Kids like it,2,알아서 관리해주는 가드닝,2,2,"Stress relief through plants, To teach my kids about gardening/farming, Can minimize the time",Personal Business/Office space,"Convenience, Maintenance service, Reliability",3,2,3,2,4,4,4,"Customization, Event promotion",3,4,"Succulents, Air Purifying Plants",6,3,0,0,0,0,0,0,0,1,0,0,1,1,1,0,0,0,0,1,0,1,0,1,0,0,0,0,1
118,1,3,2,2,2,I don't like having bugs in the house,2,Decoration - Home interior,1,자동,2,2,I like smart technologies,Office/business,Maintenance service,4,4,3,2,4,4,4,Event promotion,2,2,"Succulents, Herbs, Air Purifying Plants",1,2,1,0,0,0,0,0,0,0,0,1,0,0,0,0,0,0,0,1,0,0,0,1,0,0,0,1,1
119,1,3,5,1,2,"I don't have time, I don't know how to take care of plants, I don't like having bugs in the house",2,"No, I don't own any plants",1,집에서 식물을 여러 IT 도움을 받아 기르는것,2,2,"I can grow perfect and fresh herbs and vegetables, I like smart technologies",House,"Convenience, Innovation",4,4,4,4,5,5,5,Comprehensive gardening guide,2,4,"Vegetables, Herbs, Air Purifying Plants",1,4,0,0,0,0,0,0,1,0,0,1,0,0,1,0,0,0,0,0,1,0,0,0,0,0,1,1,1
120,1,3,3,1,2,I don't enjoy gardening,2,"No, I don't own any plants",1,기존 가드닝보다 똑똑한거,1,2,"Stress relief through plants, To make the house look prettier","House, Office/business","Convenience, Quality, Brand, Design",3,3,3,3,4,4,1,"Aesthetic design, More plant options",3,3,"Flowers, Air Purifying Plants",2,4,0,0,0,0,0,0,0,0,1,0,0,1,1,1,1,0,1,0,0,0,0,0,1,0,0,0,1
121,1,3,5,1,1,"Yes, I like gardening",1,Healing - Reduce Stress,2,시스템화 식물키우기,1,2,"It is easy to use, I can grow perfect and fresh herbs and vegetables, Stress relief through plants",House,"Reliability, Safety",4,4,4,4,4,4,4,"Aesthetic design, More technological features",3,3,"Flowers, Vegetables, Air Purifying Plants",1,3,0,0,0,1,0,1,1,0,0,0,0,1,0,0,0,0,0,0,0,1,1,0,1,0,1,0,1
122,1,3,3,1,2,I don't have time,2,"No, I don't own any plants",1,원격,2,2,It is easy to use,House,Convenience,5,5,5,5,5,5,3,More technological features,2,5,Air Purifying Plants,1,3,0,0,0,0,0,1,0,0,0,0,0,0,1,0,0,0,0,0,0,0,0,0,0,0,0,0,1
123,1,3,5,1,1,"Yes, I like gardening",1,"Healing - Reduce Stress, Well-being ",2,"IOT기술적용 수분공급제어, 실내공기질정화 측정",1,2,I can grow perfect and fresh herbs and vegetables,House,"Convenience, Design, Reliability",5,4,3,4,5,5,3,"More technological features, Comprehensive gardening guide",3,3,"Flowers, Vegetables, Herbs, Air Purifying Plants",6,5,0,0,0,1,1,0,1,0,0,0,0,0,1,0,0,0,1,0,0,1,0,0,1,0,1,1,1
124,1,3,5,1,2,Others,1,"Decoration - Home interior, 좋아하지는 않지만 키울 수는 있는데요.",2,홈가드닝에 필요한 관수등을 전자제어장치로 하는 것일 것 같아요. 그 제어는 휴대폰등을 이용함,2,2,To teach my kids about gardening/farming,House,"Convenience, Price, Design, Maintenance service",4,4,1,1,5,5,1,"Aesthetic design, More technological features",1,4,"Flowers, Fruits",1,3,1,0,0,0,0,0,0,1,0,0,0,0,1,0,0,1,1,1,0,0,0,0,1,1,0,0,0
125,1,3,3,1,1,"Yes, I like gardening",1,Healing - Reduce Stress,2,스마트 기기를 이용한 집 활용,2,2,I can grow perfect and fresh herbs and vegetables,House,Quality,5,4,4,4,4,4,4,"Customization, Comprehensive gardening guide",2,3,"Vegetables, Air Purifying Plants",2,3,0,0,0,1,0,0,1,0,0,0,0,0,0,1,0,0,0,0,0,0,0,0,0,0,1,0,1
126,1,3,5,1,2,"I don't know how to take care of plants, I don't enjoy gardening",1,Decoration - Home interior,2,A device that automatically grows plants?,2,2,"It is easy to use, Can minimize the time",Office/business,"Convenience, Price, Design, Maintenance service",4,4,3,4,5,5,4,"Aesthetic design, Customization, Comprehensive gardening guide",3,2,Herbs,2,4,1,0,0,0,0,1,0,0,0,0,1,0,1,0,0,1,1,1,0,0,0,0,0,0,0,1,0
127,1,3,3,4,2,"I don't have time, I don't know how to take care of plants, I don't enjoy gardening, I don't like having bugs in the house",2,"No, I don't own any plants",2,편하게 식물을 키우는 방법,2,2,"Stress relief through plants, To teach my kids about gardening/farming","House, Office/business","Convenience, Maintenance service",4,1,1,1,4,4,1,Customization,1,5,Air Purifying Plants,1,1,0,0,0,0,0,0,0,1,0,0,0,1,1,0,0,0,0,1,0,0,0,0,0,0,0,0,1
128,1,3,3,1,2,I don't like having bugs in the house,1,Decoration - Home interior,2,자동관수,2,2,It is easy to use,Office/business,"Convenience, Price",3,3,3,3,4,4,3,Aesthetic design,2,6,Air Purifying Plants,1,3,1,0,0,0,0,1,0,0,0,0,0,0,1,0,0,1,0,0,0,0,0,0,0,0,0,0,1
129,1,3,5,4,2,"I don't have the space for plants, I don't like having bugs in the house",1,Kids like it,2,모르겠다,1,2,To teach my kids about gardening/farming,House,"Convenience, Price",4,4,4,4,2,2,4,Event promotion,1,2,"Succulents, Flowers, Herbs, Air Purifying Plants",1,4,0,0,0,0,0,0,0,1,0,0,0,0,1,0,0,1,0,0,0,0,0,1,1,0,0,1,1
130,1,3,3,1,1,"Yes, I like gardening",1,"Hobby, Healing - Reduce Stress, Well-being ",2,스마트기기를 활용한 원격으로 식물케어해주는 사업??,1,2,"It is easy to use, I can grow perfect and fresh herbs and vegetables, Stress relief through plants","House, Office/business","Convenience, Price, Design, Maintenance service",4,4,4,3,4,4,1,"Aesthetic design, Comprehensive gardening guide",2,3,"Flowers, Herbs, Air Purifying Plants",6,4,0,0,1,1,1,1,1,0,0,0,0,1,1,0,0,1,1,1,0,0,0,0,1,0,0,1,1
131,1,3,5,3,2,I don't have time,1,Healing - Reduce Stress,2,기기를통해 ㄱ키우는 전자 식물?,2,2,It is easy to use,Personal Business/Office space,Convenience,3,5,5,5,5,5,1,Aesthetic design,1,6,Vegetables,1,1,0,0,0,1,0,1,0,0,0,0,0,0,1,0,0,0,0,0,0,0,0,0,0,0,1,0,0
132,1,3,3,1,2,"I don't have time, I don't enjoy gardening, Gardening is an expensive hobby",2,"No, I don't own any plants",2,집가구,2,2,"It is easy to use, Can minimize the time, I like smart technologies","House, Office/business",Reliability,2,1,1,2,2,2,2,More technological features,1,5,"Flowers, Fruits",1,1,0,0,0,0,0,1,0,0,0,1,1,0,0,0,0,0,0,0,0,1,0,0,1,1,0,0,0
133,1,3,5,1,2,I don't enjoy gardening,2,"No, I don't own any plants",1,IoT ,2,2,"It is easy to use, Can minimize the time",House,"Convenience, Quality, Design",3,4,4,4,5,5,1,"More plant options, More technological features",3,3,"Vegetables, Herbs",2,4,0,0,0,0,0,1,0,0,0,0,1,0,1,1,0,0,1,0,0,0,0,0,0,0,1,1,0
134,1,3,5,1,2,"I don't have time, I don't enjoy gardening",2,"No, I don't own any plants",2,집에 있지 않아도 가드닝이 가능함,1,2,It is easy to use,House,"Convenience, Maintenance service",5,5,4,2,5,3,1,"Customization, More technological features, Comprehensive gardening guide",3,2,"Fruits, Air Purifying Plants",1,4,0,0,0,0,0,1,0,0,0,0,0,0,1,0,0,0,0,1,0,0,0,0,0,1,0,0,1
135,1,3,5,4,2,"I don't have the space for plants, I don't like having bugs in the house",1,Kids like it,2,모르겠다,1,2,To teach my kids about gardening/farming,House,"Convenience, Price",4,4,4,4,2,2,4,Event promotion,1,2,"Succulents, Flowers, Herbs, Air Purifying Plants",1,4,0,0,0,0,0,0,0,1,0,0,0,0,1,0,0,1,0,0,0,0,0,1,1,0,0,1,1
136,1,3,2,1,2,I don't have the space for plants,1,Well-being ,2,스마트기기를 활용한 가드닝,1,2,I can grow perfect and fresh herbs and vegetables,House,"Quality, Maintenance service",3,3,3,3,4,4,4,Aesthetic design,2,3,"Vegetables, Herbs",5,4,0,0,0,0,1,0,1,0,0,0,0,0,0,1,0,0,0,1,0,0,0,0,0,0,1,1,0
137,1,3,5,1,2,"I don't have time, I don't enjoy gardening",2,"No, I don't own any plants",2,스마트한 홈 가드닝,2,2,I can grow perfect and fresh herbs and vegetables,House,"Price, Maintenance service",3,5,5,5,5,4,1,Comprehensive gardening guide,1,5,Vegetables,6,4,0,0,0,0,0,0,1,0,0,0,0,0,0,0,0,1,0,1,0,0,0,0,0,0,1,0,0
138,1,3,3,1,2,"I don't have time, I don't know how to take care of plants, I don't have the space for plants, I don't like having bugs in the house",2,"No, I don't own any plants",1,집에서 편하게 식물을 키우기,2,2,"It is easy to use, To teach my kids about gardening/farming",Office/business,"Convenience, Quality, Price, Design, Maintenance service",4,3,4,3,4,4,4,"Aesthetic design, Event promotion",2,5,"Flowers, Fruits, Vegetables",6,3,0,0,0,0,0,1,0,1,0,0,0,0,1,1,0,1,1,1,0,0,0,0,1,1,1,0,0
139,1,3,5,1,1,"Yes, I like gardening",1,Healing - Reduce Stress,1,자동화,1,2,"It is easy to use, I can grow perfect and fresh herbs and vegetables, Stress relief through plants, Can minimize the time",House,"Convenience, Quality, Price, Design, Maintenance service, Reliability, Safety",5,4,4,4,5,5,1,"Customization, Pick-up wilted plant option",1,3,"Succulents, Flowers, Fruits, Vegetables, Herbs, Air Purifying Plants",1,4,0,0,0,1,0,1,1,0,0,0,1,1,1,1,0,1,1,1,0,1,1,1,1,1,1,1,1
140,1,4,2,1,1,"I don't have time, Yes, I like gardening",1,Well-being ,2,집에서 즐기는 식물,1,2,It is easy to use,House,Convenience,5,4,4,4,4,4,4,Aesthetic design,1,1,Succulents,1,4,0,0,0,0,1,1,0,0,0,0,0,0,1,0,0,0,0,0,0,0,0,1,0,0,0,0,0
141,1,4,2,3,1,"Yes, I like gardening",1,Healing - Reduce Stress,1,자동화정원,1,2,Stress relief through plants,"House, Personal Business/Office space",Innovation,2,3,3,2,2,2,5,Aesthetic design,5,4,"Flowers, Herbs",1,3,0,0,0,1,0,0,0,0,0,0,0,1,0,0,0,0,0,0,1,0,0,0,1,0,0,1,0
142,1,4,3,1,1,"Yes, I like gardening",2,"No, I don't own any plants",2,실내에서 디지털을 활용하여 식물을 키움,1,2,"Stress relief through plants, To make the house look prettier",House,"Quality, Design",5,4,3,3,4,4,4,"Aesthetic design, Event promotion",5,2,"Succulents, Air Purifying Plants",5,4,0,0,0,0,0,0,0,0,1,0,0,1,0,1,0,0,1,0,0,0,0,1,0,0,0,0,1
143,1,4,3,1,1,"Yes, I like gardening",1,Healing - Reduce Stress,1,자동제어가 가능한 식물 제배ᆢ수경재배가 발전한 단계정도로 알고 있음ᆢ,1,2,I can grow perfect and fresh herbs and vegetables,House,"Convenience, Price, Design, Maintenance service",5,5,5,5,5,5,4,More plant options,1,2,"Vegetables, Herbs, Air Purifying Plants",1,4,0,0,0,1,0,0,1,0,0,0,0,0,1,0,0,1,1,1,0,0,0,0,0,0,1,1,1
144,1,4,3,1,1,"Yes, I like gardening",1,Decoration - Home interior,2,집에서 화초나 식물을 키우는것,1,2,To make the house look prettier,"House, Office/business","Convenience, Quality, Brand, Price, Design, Maintenance service, Innovation, Reliability, Safety",4,4,3,4,4,4,5,"Aesthetic design, More technological features, Comprehensive gardening guide",3,2,"Flowers, Herbs, Air Purifying Plants",6,4,1,0,0,0,0,0,0,0,1,0,0,0,1,1,1,1,1,1,1,1,1,0,1,0,0,1,1
145,1,4,3,1,1,"Yes, I like gardening",1,Hobby,1,삶의 휴식공간,1,2,Stress relief through plants,"House, Office/business",Quality,5,5,5,5,5,5,5,Aesthetic design,2,2,Herbs,1,4,0,0,1,0,0,0,0,0,0,0,0,1,0,1,0,0,0,0,0,0,0,0,0,0,0,1,0
146,1,4,3,1,1,"Yes, I like gardening",1,Healing - Reduce Stress,2,.,1,2,It is easy to use,House,Convenience,4,5,5,5,5,5,4,Aesthetic design,1,2,"Flowers, Vegetables, Herbs",1,3,0,0,0,1,0,1,0,0,0,0,0,0,1,0,0,0,0,0,0,0,0,0,1,0,1,1,0
147,1,4,3,1,1,"Yes, I like gardening",1,"Hobby, Well-being ",1,식물을 키우는 것을 프로그램에 의해 관리하는 것,2,2,Can minimize the time,"House, Office/business","Convenience, Reliability, Safety",4,4,5,4,3,3,4,"More plant options, Pick-up wilted plant option, Comprehensive gardening guide",2,3,"Flowers, Herbs, Air Purifying Plants",6,4,0,0,1,0,1,0,0,0,0,0,1,0,1,0,0,0,0,0,0,1,1,0,1,0,0,1,1
148,1,4,3,1,1,"Yes, I like gardening",1,"Decoration - Home interior, Hobby, Healing - Reduce Stress",1,Iot 식물 기르기,1,2,"I can grow perfect and fresh herbs and vegetables, Stress relief through plants, To make the house look prettier",House,"Convenience, Brand, Price, Design, Maintenance service",4,4,4,3,4,4,2,More technological features,2,3,"Flowers, Vegetables, Herbs, Air Purifying Plants",2,4,1,0,1,1,0,0,1,0,1,0,0,1,1,0,1,1,1,1,0,0,0,0,1,0,1,1,1
149,1,4,3,1,1,"Yes, I like gardening",1,Hobby,1,집에서 간단하게 식물을 접할 수 있다,1,2,I like smart technologies,House,Convenience,4,4,4,3,5,5,1,Aesthetic design,2,3,"Vegetables, Herbs, Air Purifying Plants",2,3,0,0,1,0,0,0,0,0,0,1,0,0,1,0,0,0,0,0,0,0,0,0,0,0,1,1,1
150,1,4,1,2,1,"Yes, I like gardening",2,"No, I don't own any plants",2,"자동, 원격",2,2,Stress relief through plants,House,"Price, Maintenance service",2,4,4,3,4,4,3,More technological features,3,4,"Flowers, Air Purifying Plants",1,3,0,0,0,0,0,0,0,0,0,0,0,1,0,0,0,1,0,1,0,0,0,0,1,0,0,0,1
151,1,4,3,1,1,"Yes, I like gardening",1,Decoration - Home interior,1,스마트 기기를 활용해 식물재배 도움을 받는것,1,2,It is easy to use,House,"Convenience, Quality, Price, Design",2,2,2,3,1,1,3,"Aesthetic design, More technological features",1,4,"Flowers, Herbs, Air Purifying Plants",1,3,1,0,0,0,0,1,0,0,0,0,0,0,1,1,0,1,1,0,0,0,0,0,1,0,0,1,1
152,1,4,3,1,1,"Yes, I like gardening",1,Decoration - Home interior,2,집에서 식물을 키우는 일,1,2,I can grow perfect and fresh herbs and vegetables,House,"Convenience, Price, Design",4,5,4,4,4,4,5,Aesthetic design,2,1,"Vegetables, Herbs",1,4,1,0,0,0,0,0,1,0,0,0,0,0,1,0,0,1,1,0,0,0,0,0,0,0,1,1,0
153,1,4,5,1,2,I don't have time,2,"No, I don't own any plants",1,취미생활,2,2,"To teach my kids about gardening/farming, Can minimize the time",House,"Design, Maintenance service, Safety",4,2,2,2,2,2,2,Comprehensive gardening guide,4,2,Air Purifying Plants,6,2,0,0,0,0,0,0,0,1,0,0,1,0,0,0,0,0,1,1,0,0,1,0,0,0,0,0,1
154,1,4,3,1,1,"Yes, I like gardening",1,Hobby,1,AI와 스마트기기를 접목한 조경기술로 알고 있습니다.,2,2,"It is easy to use, To teach my kids about gardening/farming, I like smart technologies",Office/business,"Convenience, Quality",4,4,5,5,5,5,3,Aesthetic design,2,2,"Succulents, Flowers, Vegetables",3,3,0,0,1,0,0,1,0,1,0,1,0,0,1,1,0,0,0,0,0,0,0,1,1,0,1,0,0
155,1,4,3,1,1,"I don't have time, Yes, I like gardening",1,Healing - Reduce Stress,1,실내정원,1,2,"I can grow perfect and fresh herbs and vegetables, Stress relief through plants",House,Design,4,4,4,4,4,4,2,More plant options,1,1,Flowers,2,4,0,0,0,1,0,0,1,0,0,0,0,1,0,0,0,0,1,0,0,0,0,0,1,0,0,0,0
156,1,4,3,1,2,I don't have time,2,"No, I don't own any plants",2,ㆍ,2,2,None,Personal Business/Office space,ㆍ,1,1,1,1,1,1,3,Event promotion,1,6,Vegetables,3,1,0,0,0,0,0,0,0,0,0,0,0,0,0,0,0,0,0,0,0,0,0,0,0,0,1,0,0
157,1,4,3,1,1,"Yes, I like gardening",1,Hobby,1,가정원예,2,2,"Stress relief through plants, Can minimize the time",Office/business,Innovation,2,1,4,2,5,5,5,More plant options,1,3,"Succulents, Herbs",1,4,0,0,1,0,0,0,0,0,0,0,1,1,0,0,0,0,0,0,1,0,0,1,0,0,0,1,0
158,1,4,3,1,1,"Yes, I like gardening",1,Healing - Reduce Stress,1,집에서 키우는 좋아하는 식물,1,2,"It is easy to use, I can grow perfect and fresh herbs and vegetables, Stress relief through plants, To make the house look prettier","House, Office/business","Convenience, Quality, Brand, Price, Design, Maintenance service, Reliability, Safety",3,2,2,3,4,4,4,"Aesthetic design, More plant options",3,3,"Flowers, Vegetables, Air Purifying Plants",3,3,0,0,0,1,0,1,1,0,1,0,0,1,1,1,1,1,1,1,0,1,1,0,1,0,1,0,1
159,1,4,1,2,2,I don't know how to take care of plants,2,"No, I don't own any plants",2,아이티 접목시켜 화분 기르기,2,2,Can minimize the time,"House, Office/business, Personal Business/Office space","Convenience, Price",3,3,3,3,3,3,3,More technological features,2,3,"Succulents, Air Purifying Plants",1,2,0,0,0,0,0,0,0,0,0,0,1,0,1,0,0,1,0,0,0,0,0,1,0,0,0,0,1
160,1,4,3,3,2,I don't enjoy gardening,2,"No, I don't own any plants",1,"디지털시스템에 의해 식물의 원활한 생장을 위한 수분, 빛, 통풍 등  기능조절하는 시스템",1,2,Can minimize the time,House,"Convenience, Quality, Maintenance service, Innovation",4,4,4,4,5,5,1,More technological features,5,2,Air Purifying Plants,1,4,0,0,0,0,0,0,0,0,0,0,1,0,1,1,0,0,0,1,1,0,0,0,0,0,0,0,1
161,1,4,2,1,2,"I don't have the space for plants, I don't enjoy gardening",1,Hobby,2,스마트폰과 결합,2,2,"It is easy to use, I can grow perfect and fresh herbs and vegetables",House,"Convenience, Price, Maintenance service, Safety",1,4,3,2,2,3,3,"Customization, Event promotion",1,3,"Vegetables, Herbs, Air Purifying Plants",1,1,0,0,1,0,0,1,1,0,0,0,0,0,1,0,0,1,0,1,0,0,1,0,0,0,1,1,1
162,1,4,3,1,2,"I don't know how to take care of plants, I don't enjoy gardening",1,Healing - Reduce Stress,1,자동,2,2,It is easy to use,Office/business,"Convenience, Maintenance service",3,3,4,3,4,3,4,Aesthetic design,2,1,"Succulents, Air Purifying Plants",1,1,0,0,0,1,0,1,0,0,0,0,0,0,1,0,0,0,0,1,0,0,0,1,0,0,0,0,1
163,1,5,3,1,2,I don't know how to take care of plants,1,Healing - Reduce Stress,2,소규모 집안 정원,1,2,"It is easy to use, I can grow perfect and fresh herbs and vegetables, Stress relief through plants, To make the house look prettier",House,"Convenience, Quality, Brand, Price, Design, Maintenance service, Innovation, Reliability, Safety",5,4,4,4,5,4,3,"More plant options, More technological features, Comprehensive gardening guide",2,3,"Flowers, Vegetables, Herbs, Air Purifying Plants",2,5,0,0,0,1,0,1,1,0,1,0,0,1,1,1,1,1,1,1,1,1,1,0,1,0,1,1,1
164,2,1,1,2,1,"Yes, I like gardening",1,"Decoration - Home interior, Hobby, Healing - Reduce Stress",2,자동 시스템으로 식물을 키우는거?,2,2,It is easy to use,House,"Price, Safety",5,4,3,3,4,5,3,More technological features,1,3,"Succulents, Flowers, Herbs, Air Purifying Plants",3,1,1,0,1,1,0,1,0,0,0,0,0,0,0,0,0,1,0,0,0,0,1,1,1,0,0,1,1
165,2,1,2,3,2,"I don't have time, Gardening is an expensive hobby, I have to keep the plants for long time",1,Decoration - Home interior,2,간단하게 할 수 있는 식물 키우기,2,2,None,Office/business,"Price, Maintenance service, Safety",4,5,3,4,5,5,3,None,3,3,"Vegetables, Herbs, Air Purifying Plants",2,4,1,0,0,0,0,0,0,0,0,0,0,0,0,0,0,1,0,1,0,0,1,0,0,0,1,1,1
166,2,1,3,1,1,"Yes, I like gardening",1,Decoration - Home interior,2,집에서 키우는 식물들을 스마트폰으로 관리할 수 있는 체계,1,2,It is easy to use,"House, Office/business",Convenience,3,4,4,4,5,5,1,More technological features,1,2,"Flowers, Herbs, Air Purifying Plants",5,4,1,0,0,0,0,1,0,0,0,0,0,0,1,0,0,0,0,0,0,0,0,0,1,0,0,1,1
167,2,1,1,2,2,I don't have time,2,"No, I don't own any plants",2,자동화 시스템 ,1,2,"It is easy to use, Stress relief through plants, To make the house look prettier",Office/business,"Convenience, Price",4,4,3,2,3,4,3,Customization,1,2,"Flowers, Herbs, Air Purifying Plants",2,4,0,0,0,0,0,1,0,0,1,0,0,1,1,0,0,1,0,0,0,0,0,0,1,0,0,1,1
168,2,1,3,1,2,I don't like having bugs in the house,1,Healing - Reduce Stress,2,"핸드폰 어플로 물을 줄 타이밍이나 온도, 습도 관리에 도움을 주는것",2,2,It is easy to use,House,"Convenience, Quality, Price",3,4,3,3,3,3,3,Comprehensive gardening guide,2,5,"Flowers, Fruits, Herbs, Air Purifying Plants",2,3,0,0,0,1,0,1,0,0,0,0,0,0,1,1,0,1,0,0,0,0,0,0,1,1,0,1,1
169,2,1,3,1,1,"Yes, I like gardening",1,"Hobby, Healing - Reduce Stress",2,디지털 매체를 이용한 가드닝으로  집에서 가드닝할때 더 편하게 할 수 있는 방법?,1,2,"It is easy to use, I can grow perfect and fresh herbs and vegetables, Stress relief through plants, Can minimize the time, I like smart technologies","House, Office/business, Personal Business/Office space","Quality, Price, Design, Maintenance service, Innovation, Reliability, Safety",4,5,3,4,2,2,3,"Aesthetic design, More technological features, Comprehensive gardening guide",3,3,Flowers,1,4,0,0,1,1,0,1,1,0,0,1,1,1,0,1,0,1,1,1,1,1,1,0,1,0,0,0,0
170,2,1,1,2,1,"Yes, I like gardening",2,"No, I don't own any plants",1,키우는데 편리에있어 도움을 주는 것,1,2,"It is easy to use, I can grow perfect and fresh herbs and vegetables, Stress relief through plants, Can minimize the time, To make the house look prettier",House,"Convenience, Quality, Brand, Price, Design, Maintenance service, Reliability, Safety",3,3,1,4,4,4,5,Comprehensive gardening guide,3,4,"Flowers, Fruits, Vegetables, Herbs, Air Purifying Plants",1,4,0,0,0,0,0,1,1,0,1,0,1,1,1,1,1,1,1,1,0,1,1,0,1,1,1,1,1
171,2,1,3,1,1,"Yes, I like gardening",1,"Decoration - Home interior, Healing - Reduce Stress",2,"주변 환경 변화(기온, 습도 등)에 따라 자동으로 화분에 물이나 영양소를 공급해주는 것",2,2,It is easy to use,House,"Convenience, Design, Innovation",4,5,1,3,4,4,3,"Aesthetic design, Customization",1,1,"Succulents, Herbs, Air Purifying Plants",2,4,1,0,0,1,0,1,0,0,0,0,0,0,1,0,0,0,1,0,1,0,0,1,0,0,0,1,1
172,2,1,3,4,1,"Yes, I like gardening",1,Healing - Reduce Stress,2,스마트기기를 이용한 원예? ,2,2,It is easy to use,"Office/business, Personal Business/Office space","Quality, Maintenance service",4,5,4,3,4,4,5,Aesthetic design,1,3,"Herbs, Air Purifying Plants",6,2,0,0,0,1,0,1,0,0,0,0,0,0,0,1,0,0,0,1,0,0,0,0,0,0,0,1,1
173,2,1,2,1,2,"I don't know how to take care of plants, I don't like having bugs in the house",2,"No, I don't own any plants",2,전자기기를 활용한 가드닝,1,2,"It is easy to use, I can grow perfect and fresh herbs and vegetables, Stress relief through plants, Can minimize the time, To make the house look prettier",House,"Convenience, Quality, Price, Design, Maintenance service, Reliability, Safety",4,4,4,4,5,5,3,"Aesthetic design, Pick-up wilted plant option, More technological features, Comprehensive gardening guide",2,3,"Succulents, Flowers, Fruits, Vegetables, Herbs, Air Purifying Plants",5,4,0,0,0,0,0,1,1,0,1,0,1,1,1,1,0,1,1,1,0,1,1,1,1,1,1,1,1
174,2,1,3,1,2,I don't enjoy gardening,1,Healing - Reduce Stress,2,스마트 기기를 활용한 식물 키우기,2,2,"It is easy to use, Can minimize the time",Office/business,"Convenience, Quality",4,4,4,4,4,4,4,More technological features,1,5,"Succulents, Air Purifying Plants",1,1,0,0,0,1,0,1,0,0,0,0,1,0,1,1,0,0,0,0,0,0,0,1,0,0,0,0,1
175,2,1,3,1,1,Others,1,"Decoration - Home interior, Hobby",2,모르겠습니다,2,2,It is easy to use,House,Convenience,5,3,3,4,5,4,2,Aesthetic design,1,3,Flowers,1,4,1,0,1,0,0,1,0,0,0,0,0,0,1,0,0,0,0,0,0,0,0,0,1,0,0,0,0
176,2,1,3,1,1,"Yes, I like gardening",1,Hobby,2,집에서 가드닝할 수 있는 빠르고 쉬운 방법,1,2,"It is easy to use, I can grow perfect and fresh herbs and vegetables, Stress relief through plants",House,Price,2,1,1,2,4,4,3,Aesthetic design,1,3,"Succulents, Flowers, Herbs",1,3,0,0,1,0,0,1,1,0,0,0,0,1,0,0,0,1,0,0,0,0,0,1,1,0,0,1,0
177,2,1,2,2,2,"I don't have time, I don't know how to take care of plants, I don't enjoy gardening, I don't like having bugs in the house",2,"No, I don't own any plants",2,스마트 제품을 통해 가드닝을 더욱 쉽게 할수있는 법,1,2,It is easy to use,Personal Business/Office space,"Convenience, Price, Design",4,5,3,4,5,4,3,"Aesthetic design, More technological features",2,3,"Flowers, Vegetables, Herbs, Air Purifying Plants",2,2,0,0,0,0,0,1,0,0,0,0,0,0,1,0,0,1,1,0,0,0,0,0,1,0,1,1,1
178,2,1,2,3,2,I don't enjoy gardening,2,"Healing - Reduce Stress, No, I don't own any plants",2,기계를 사용한 가드닝,1,2,"It is easy to use, I can grow perfect and fresh herbs and vegetables",House,"Convenience, Quality, Price, Maintenance service, Reliability, Safety",4,4,4,4,4,4,4,More technological features,2,3,"Flowers, Herbs",1,4,0,0,0,1,0,1,1,0,0,0,0,0,1,1,0,1,0,1,0,1,1,0,1,0,0,1,0
179,2,1,3,1,1,"Yes, I like gardening",1,"Hobby, Healing - Reduce Stress",2,스마트기기를 이용해 집에서 식물을 기르는 것?,1,2,"I can grow perfect and fresh herbs and vegetables, Stress relief through plants",House,"Convenience, Quality, Price",5,4,3,5,5,5,4,More technological features,1,5,"Herbs, Air Purifying Plants",2,4,0,0,1,1,0,0,1,0,0,0,0,1,1,1,0,1,0,0,0,0,0,0,0,0,0,1,1
180,2,2,4,3,1,"Yes, I like gardening",2,"No, I don't own any plants",2,전혀 모르겠어요 ,2,2,"I can grow perfect and fresh herbs and vegetables, To make the house look prettier","House, Office/business",Innovation,1,4,5,4,4,4,3,Comprehensive gardening guide,3,3,"Flowers, Fruits, Vegetables, Herbs, Air Purifying Plants",1,4,0,0,0,0,0,0,1,0,1,0,0,0,0,0,0,0,0,0,1,0,0,0,1,1,1,1,1
181,2,2,2,1,2,"I don't know how to take care of plants, I don't have the space for plants",2,"No, I don't own any plants",1,쉽고 간편하게 식물을 키울수있는 새로운 방법,1,2,"It is easy to use, I can grow perfect and fresh herbs and vegetables",House,"Convenience, Innovation",4,4,4,4,4,4,4,"Aesthetic design, More plant options, More technological features",1,2,"Vegetables, Herbs, Air Purifying Plants",2,5,0,0,0,0,0,1,1,0,0,0,0,0,1,0,0,0,0,0,1,0,0,0,0,0,1,1,1
182,2,2,5,1,2,"I don't know how to take care of plants, I don't like having bugs in the house",2,"No, I don't own any plants",1,식물을잘키우는방법,1,2,"It is easy to use, I can grow perfect and fresh herbs and vegetables",House,"Convenience, Price, Design, Maintenance service",4,3,2,2,3,3,3,More plant options,3,3,"Flowers, Herbs, Air Purifying Plants",2,4,0,0,0,0,0,1,1,0,0,0,0,0,1,0,0,1,1,1,0,0,0,0,1,0,0,1,1
183,2,2,3,1,1,"Yes, I like gardening",1,"Hobby, Healing - Reduce Stress",2,제때 제때 가이드 제공,1,2,"It is easy to use, I can grow perfect and fresh herbs and vegetables, To teach my kids about gardening/farming",House,"Price, Design",4,4,4,4,4,4,4,Aesthetic design,2,3,"Flowers, Vegetables, Herbs, Air Purifying Plants",6,4,0,0,1,1,0,1,1,1,0,0,0,0,0,0,0,1,1,0,0,0,0,0,1,0,1,1,1
184,2,2,3,1,2,"I don't have time, I don't know how to take care of plants, Gardening is an expensive hobby",1,"Growing herbs, veggies, fruits, Hobby, Healing - Reduce Stress, Well-being ",2,스마트폰으로 식물 관리를 하는 것,1,2,"It is easy to use, I can grow perfect and fresh herbs and vegetables, Stress relief through plants, Can minimize the time","House, Office/business, Personal Business/Office space","Convenience, Quality, Price, Maintenance service, Innovation, Reliability, Safety",4,4,3,3,3,3,3,"Aesthetic design, More plant options, Pick-up wilted plant option, Comprehensive gardening guide, Event promotion",1,2,"Succulents, Flowers, Fruits, Vegetables, Herbs, Air Purifying Plants",1,4,0,1,1,1,1,1,1,0,0,0,1,1,1,1,0,1,0,1,1,1,1,1,1,1,1,1,1
185,2,2,3,1,1,"Yes, I like gardening",1,Healing - Reduce Stress,2,ai 활용,1,2,Can minimize the time,House,Convenience,1,1,1,1,1,1,4,"Aesthetic design, More technological features",2,2,"Succulents, Herbs, Air Purifying Plants",2,4,0,0,0,1,0,0,0,0,0,0,1,0,1,0,0,0,0,0,0,0,0,1,0,0,0,1,1
186,2,2,5,1,1,"Yes, I like gardening",1,Hobby,2,IT 시스템으로 식물을 키우는 것,1,2,I can grow perfect and fresh herbs and vegetables,House,"Convenience, Quality",4,4,4,4,4,2,3,More technological features,3,2,"Flowers, Air Purifying Plants",1,4,0,0,1,0,0,0,1,0,0,0,0,0,1,1,0,0,0,0,0,0,0,0,1,0,0,0,1
187,2,2,2,1,1,"Yes, I like gardening",1,Decoration - Home interior,2,식물도 자동화해서 키울 수 있는 시스템?,1,2,"It is easy to use, I can grow perfect and fresh herbs and vegetables, To make the house look prettier",House,"Convenience, Price, Design",5,5,5,5,5,5,2,"Aesthetic design, Customization",2,2,"Succulents, Flowers, Fruits, Vegetables, Herbs, Air Purifying Plants",1,4,1,0,0,0,0,1,1,0,1,0,0,0,1,0,0,1,1,0,0,0,0,1,1,1,1,1,1
188,2,2,1,1,2,I don't enjoy gardening,1,"Decoration - Home interior, Healing - Reduce Stress, Well-being ",1,본인의 거주반경 내에서 기술의 도움으로 생활에 밀접하게 식물을 키울수 있도록 하는 것,1,2,"It is easy to use, I can grow perfect and fresh herbs and vegetables, Can minimize the time, To make the house look prettier",House,"Convenience, Design, Safety",3,2,2,3,4,4,4,"Aesthetic design, More plant options, More technological features",2,2,"Fruits, Vegetables, Herbs, Air Purifying Plants",2,4,1,0,0,1,1,1,1,0,1,0,1,0,1,0,0,0,1,0,0,0,1,0,0,1,1,1,1
189,2,2,1,1,2,"I don't have time, I don't know how to take care of plants, I don't like having bugs in the house",1,Decoration - Home interior,1,"AI,  편리함, 건강함",1,2,I can grow perfect and fresh herbs and vegetables,House,Convenience,4,3,3,3,4,4,4,Aesthetic design,2,5,"Vegetables, Herbs, Air Purifying Plants",1,3,1,0,0,0,0,0,1,0,0,0,0,0,1,0,0,0,0,0,0,0,0,0,0,0,1,1,1
190,2,2,2,1,2,I don't like having bugs in the house,1,"Decoration - Home interior, Growing herbs, veggies, fruits",1,"스마트=자동화,다기능 ",1,2,It is easy to use,House,"Convenience, Quality, Design",4,4,4,4,5,2,3,"More technological features, Comprehensive gardening guide",3,4,"Herbs, Air Purifying Plants",1,5,1,1,0,0,0,1,0,0,0,0,0,0,1,1,0,0,1,0,0,0,0,0,0,0,0,1,1
191,2,2,5,4,1,I don't have the space for plants,2,"No, I don't own any plants",2,핸드폰을 이용한 식물키우기,1,2,It is easy to use,House,Convenience,5,5,5,4,4,4,5,Event promotion,1,2,"Succulents, Flowers, Fruits, Vegetables",2,5,0,0,0,0,0,1,0,0,0,0,0,0,1,0,0,0,0,0,0,0,0,1,1,1,1,0,0
192,2,2,2,1,2,"I don't know how to take care of plants, I don't enjoy gardening",1,Decoration - Home interior,2,집에서 식물키우기,2,2,It is easy to use,House,"Convenience, Price, Design, Safety",5,4,3,3,3,4,5,Comprehensive gardening guide,4,3,"Fruits, Vegetables, Air Purifying Plants",1,3,1,0,0,0,0,1,0,0,0,0,0,0,1,0,0,1,1,0,0,0,1,0,0,1,1,0,1
193,2,2,1,5,2,I don't know how to take care of plants,2,"No, I don't own any plants",1,IoT기술을 활용하는 식물 관리,1,2,It is easy to use,House,"Quality, Brand, Price, Reliability",3,4,5,4,5,4,3,More technological features,2,4,"Flowers, Fruits, Vegetables",1,4,0,0,0,0,0,1,0,0,0,0,0,0,0,1,1,1,0,0,0,1,0,0,1,1,1,0,0
194,2,2,2,1,2,"I don't know how to take care of plants, I don't like having bugs in the house",1,Decoration - Home interior,2,시스템기반 공기청정식물,1,2,"It is easy to use, To make the house look prettier",House,"Price, Design",5,5,4,4,5,5,3,Aesthetic design,2,5,"Flowers, Fruits, Vegetables, Herbs, Air Purifying Plants",1,5,1,0,0,0,0,1,0,0,1,0,0,0,0,0,0,1,1,0,0,0,0,0,1,1,1,1,1
195,2,2,1,2,2,"I don't have time, I don't have the space for plants, Gardening is an expensive hobby",2,"No, I don't own any plants",2,잘 모르겠습니다,2,2,"It is easy to use, Stress relief through plants, To make the house look prettier",House,"Convenience, Price, Design",4,5,4,4,5,5,3,"Aesthetic design, More technological features",2,3,"Succulents, Flowers",2,4,0,0,0,0,0,1,0,0,1,0,0,1,1,0,0,1,1,0,0,0,0,1,1,0,0,0,0
196,2,2,3,1,1,"Yes, I like gardening",1,"Hobby, Healing - Reduce Stress",2,홈가드닝에 대한 정보를 제공해주고 가드닝에 필요한 재료들을 모아 구매하기 편리하게 해주는 것,1,2,I can grow perfect and fresh herbs and vegetables,House,"Reliability, Safety",4,3,3,3,4,4,1,"More plant options, Comprehensive gardening guide",4,2,"Vegetables, Herbs",1,5,0,0,1,1,0,0,1,0,0,0,0,0,0,0,0,0,0,0,0,1,1,0,0,0,1,1,0
197,2,2,3,1,1,"Yes, I like gardening",1,Healing - Reduce Stress,2,스마트어플을 활용한 식물꾸미기,1,2,"Can minimize the time, To make the house look prettier",House,Price,4,4,4,4,4,4,2,Customization,2,1,Herbs,2,5,0,0,0,1,0,0,0,0,1,0,1,0,0,0,0,1,0,0,0,0,0,0,0,0,0,1,0
198,2,2,5,1,1,"Yes, I like gardening",1,"Growing herbs, veggies, fruits",2,자동 물주기,1,2,It is easy to use,"House, Office/business, Personal Business/Office space",Convenience,2,2,2,2,2,2,1,More technological features,2,2,"Vegetables, Herbs, Air Purifying Plants",1,4,0,1,0,0,0,1,0,0,0,0,0,0,1,0,0,0,0,0,0,0,0,0,0,0,1,1,1
199,2,2,2,1,2,I don't have time,2,"No, I don't own any plants",2,모르겠습니다,2,2,Stress relief through plants,House,Convenience,4,3,3,4,4,4,3,Aesthetic design,1,4,Flowers,1,3,0,0,0,0,0,0,0,0,0,0,0,1,1,0,0,0,0,0,0,0,0,0,1,0,0,0,0
200,2,2,1,2,2,"I don't have time, I don't know how to take care of plants, I have to keep the plants for long time",1,Others,2,식물을 알아서 키워주는 장치?,2,2,"Can minimize the time, I like smart technologies",House,"Price, Maintenance service",3,3,1,3,5,5,3,None,1,5,"Vegetables, Herbs",3,2,0,0,0,0,0,0,0,0,0,1,1,0,0,0,0,1,0,1,0,0,0,0,0,0,1,1,0
201,2,2,3,1,2,"I don't know how to take care of plants, I have to keep the plants for long time",2,"No, I don't own any plants",2,최신기술 식물 집 ,1,2,I can grow perfect and fresh herbs and vegetables,Office/business,Convenience,4,5,5,4,4,4,3,Event promotion,3,6,Air Purifying Plants,2,4,0,0,0,0,0,0,1,0,0,0,0,0,1,0,0,0,0,0,0,0,0,0,0,0,0,0,1
202,2,2,1,2,2,"I don't know how to take care of plants, Gardening is an expensive hobby, I don't like having bugs in the house",2,"No, I don't own any plants",2,모르겠음,2,2,It is easy to use,House,"Convenience, Design",4,2,1,4,3,3,1,"Aesthetic design, More technological features, Comprehensive gardening guide",2,3,"Herbs, Air Purifying Plants",1,2,0,0,0,0,0,1,0,0,0,0,0,0,1,0,0,0,1,0,0,0,0,0,0,0,0,1,1
203,2,2,3,1,2,"I don't have the space for plants, I don't enjoy gardening",2,"No, I don't own any plants",2,AI를 기반으로 한 가드닝 ,1,2,It is easy to use,House,"Convenience, Quality, Maintenance service",5,3,4,4,5,4,4,Comprehensive gardening guide,2,4,"Herbs, Air Purifying Plants",1,4,0,0,0,0,0,1,0,0,0,0,0,0,1,1,0,0,0,1,0,0,0,0,0,0,0,1,1
204,2,2,3,1,2,"I don't enjoy gardening, I don't like having bugs in the house",2,"No, I don't own any plants",2,iot를 접목한 가드닝,2,2,It is easy to use,Office/business,Convenience,4,4,3,4,4,4,4,Aesthetic design,2,3,"Flowers, Fruits",2,4,0,0,0,0,0,1,0,0,0,0,0,0,1,0,0,0,0,0,0,0,0,0,1,1,0,0,0
205,2,2,3,1,2,"I don't like having bugs in the house, I have to keep the plants for long time, 관리하기 귀찮음",2,"No, I don't own any plants",1,사람의 손을 타지 않는 가드닝,1,2,I can grow perfect and fresh herbs and vegetables,House,"Price, Maintenance service",4,2,1,1,5,5,5,"More plant options, 키타",1,6,"Vegetables, Herbs, Others",1,2,0,0,0,0,0,0,1,0,0,0,0,0,0,0,0,1,0,1,0,0,0,0,0,0,1,1,0
206,2,2,2,4,1,"Yes, I like gardening",1,Decoration - Home interior,1,인공지능 자동화 ,2,2,I can grow perfect and fresh herbs and vegetables,House,"Price, Design",4,4,4,3,4,4,2,"Aesthetic design, Pick-up wilted plant option, More technological features",2,3,"Flowers, Vegetables, Herbs, Air Purifying Plants",1,4,1,0,0,0,0,0,1,0,0,0,0,0,0,0,0,1,1,0,0,0,0,0,1,0,1,1,1
207,2,2,2,1,2,I don't like having bugs in the house,1,Well-being ,2,주거공간의 식물을 관리해주는 시스템,1,2,"It is easy to use, Can minimize the time, I like smart technologies",House,"Quality, Brand, Price, Design",4,3,4,4,4,4,1,"More plant options, More technological features",5,2,"Succulents, Fruits, Herbs, Air Purifying Plants",5,4,0,0,0,0,1,1,0,0,0,1,1,0,0,1,1,1,1,0,0,0,0,1,0,1,0,1,1
208,2,2,5,4,2,"I don't know how to take care of plants, I don't enjoy gardening, I don't like having bugs in the house",2,"No, I don't own any plants",2,똑똑한 홈 가드닝,2,2,To teach my kids about gardening/farming,House,"Reliability, Safety",4,4,4,4,4,4,1,"Pick-up wilted plant option, More technological features",1,3,"Succulents, Herbs, Air Purifying Plants",2,3,0,0,0,0,0,0,0,1,0,0,0,0,0,0,0,0,0,0,0,1,1,1,0,0,0,1,1
209,2,2,3,1,1,"Yes, I like gardening",1,"Hobby, Healing - Reduce Stress",1,식물의 상태를 인지하고 알맞은 환경을 유지해주는 자동화 시스템,2,2,To make the house look prettier,Office/business,"Design, Reliability",4,3,3,3,4,4,3,Customization,2,2,"Succulents, Air Purifying Plants",1,2,0,0,1,1,0,0,0,0,1,0,0,0,0,0,0,0,1,0,0,1,0,1,0,0,0,0,1
210,2,2,1,3,2,"I don't have time, I don't have the space for plants, I don't like having bugs in the house",2,"No, I don't own any plants",1,들어는 봤지만 정확하게 무엇인지는 모르겠습니다,1,2,"It is easy to use, Stress relief through plants, To make the house look prettier, I like smart technologies",House,"Convenience, Price, Design, Maintenance service, Reliability, Safety",2,2,2,2,2,2,2,"Aesthetic design, More technological features, Comprehensive gardening guide",3,4,"Succulents, Herbs, Air Purifying Plants",2,3,0,0,0,0,0,1,0,0,1,1,0,1,1,0,0,1,1,1,0,1,1,1,0,0,0,1,1
211,2,2,1,2,1,"Yes, I like gardening",1,Healing - Reduce Stress,2,알아서 식물 키우기,2,2,It is easy to use,House,"Convenience, Design, Maintenance service",3,1,2,3,4,4,2,More technological features,2,6,Succulents,6,3,0,0,0,1,0,1,0,0,0,0,0,0,1,0,0,0,1,1,0,0,0,1,0,0,0,0,0
212,2,2,3,4,2,I don't enjoy gardening,2,"No, I don't own any plants",2,관심 정성,1,2,"It is easy to use, I can grow perfect and fresh herbs and vegetables",House,Convenience,4,4,4,3,4,3,3,More plant options,4,4,"Succulents, Air Purifying Plants",1,4,0,0,0,0,0,1,1,0,0,0,0,0,1,0,0,0,0,0,0,0,0,1,0,0,0,0,1
213,2,2,1,2,2,I don't know how to take care of plants,2,"No, I don't own any plants",2,알아서 식물을 키워주는,1,2,"It is easy to use, Stress relief through plants",House,"Convenience, Price, Maintenance service",4,3,3,4,4,4,3,Comprehensive gardening guide,2,3,"Herbs, Air Purifying Plants",1,4,0,0,0,0,0,1,0,0,0,0,0,1,1,0,0,1,0,1,0,0,0,0,0,0,0,1,1
214,2,2,3,1,2,"I don't have time, I don't know how to take care of plants",2,"No, I don't own any plants",1,스마트 기술을 접목시킨 가드닝 방식,1,2,"It is easy to use, I can grow perfect and fresh herbs and vegetables, Can minimize the time, I like smart technologies",House,"Convenience, Quality, Brand, Price, Design, Maintenance service, Innovation, Reliability, Safety",3,4,2,4,3,3,3,"More technological features, Comprehensive gardening guide",3,2,"Succulents, Flowers, Air Purifying Plants",6,4,0,0,0,0,0,1,1,0,0,1,1,0,1,1,1,1,1,1,1,1,1,1,1,0,0,0,1
215,2,3,2,3,2,"I don't know how to take care of plants, I don't know where to start, I don't like having bugs in the house",1,Decoration - Home interior,1,"인위적 자연가꾸기 / LED식물등, 공청기 등 ",1,2,"It is easy to use, I can grow perfect and fresh herbs and vegetables, Stress relief through plants, Can minimize the time",Office/business,"Convenience, Quality, Price, Maintenance service, Reliability, Safety",5,3,3,4,5,5,3,"More plant options, Comprehensive gardening guide",2,2,"Flowers, Vegetables, Air Purifying Plants",1,3,1,0,0,0,0,1,1,0,0,0,1,1,1,1,0,1,0,1,0,1,1,0,1,0,1,0,1
216,2,3,5,3,1,"Yes, I like gardening",1,"Decoration - Home interior, Healing - Reduce Stress",2,식물 잘 키우기,1,2,"It is easy to use, I can grow perfect and fresh herbs and vegetables, To make the house look prettier",House,"Convenience, Price, Maintenance service",5,3,3,4,4,4,2,"More plant options, More technological features",2,2,"Herbs, Air Purifying Plants",2,4,1,0,0,1,0,1,1,0,1,0,0,0,1,0,0,1,0,1,0,0,0,0,0,0,0,1,1
217,2,3,5,3,1,"Yes, I like gardening",1,"Decoration - Home interior, Healing - Reduce Stress",2,식물 잘 가꾸기,1,2,"I can grow perfect and fresh herbs and vegetables, To teach my kids about gardening/farming",House,"Convenience, Quality, Safety",4,3,3,4,4,4,2,"More plant options, More technological features, Comprehensive gardening guide",3,2,"Herbs, Air Purifying Plants",2,4,1,0,0,1,0,0,1,1,0,0,0,0,1,1,0,0,0,0,0,0,1,0,0,0,0,1,1
218,2,3,5,1,1,"I don't have time, I don't know how to take care of plants",2,"Hobby, Healing - Reduce Stress, Well-being ",2,집에서 식물키우기?,1,2,"I can grow perfect and fresh herbs and vegetables, To teach my kids about gardening/farming, To make the house look prettier",House,"Convenience, Quality, Brand, Price, Maintenance service",4,2,4,4,2,2,1,"Aesthetic design, More plant options, Comprehensive gardening guide",1,2,"Succulents, Flowers, Fruits, Vegetables, Herbs",1,4,0,0,1,1,1,0,1,1,1,0,0,0,1,1,1,1,0,1,0,0,0,1,1,1,1,1,0
219,2,3,3,1,1,"I don't know how to take care of plants, I don't have the space for plants",1,"Decoration - Home interior, Growing herbs, veggies, fruits",1,  집에서 키우는 식물,1,2,I can grow perfect and fresh herbs and vegetables,House,"Convenience, Price, Maintenance service",5,4,3,3,3,3,4,Aesthetic design,1,2,"Succulents, Fruits, Vegetables",1,4,1,1,0,0,0,0,1,0,0,0,0,0,1,0,0,1,0,1,0,0,0,1,0,1,1,0,0
220,2,3,5,1,1,"Yes, I like gardening",1,Others,2,자동으로 식물을 관리해주는 시스템,2,2,"It is easy to use, I can grow perfect and fresh herbs and vegetables",House,"Quality, Maintenance service, Reliability",5,4,1,5,5,5,4,Pick-up wilted plant option,4,2,Air Purifying Plants,1,4,0,0,0,0,0,1,1,0,0,0,0,0,0,1,0,0,0,1,0,1,0,0,0,0,0,0,1
221,2,3,3,1,2,"I don't enjoy gardening, I don't like having bugs in the house",2,"No, I don't own any plants",2,기계가 알아서 식물키워주기,2,2,It is easy to use,House,Price,4,4,4,4,4,4,4,More technological features,1,1,Succulents,1,1,0,0,0,0,0,1,0,0,0,0,0,0,0,0,0,1,0,0,0,0,0,1,0,0,0,0,0
222,2,3,5,1,2,"I don't know how to take care of plants, I don't enjoy gardening",2,"No, I don't own any plants",1,실내에 식물을 실외처럼 키울수있도록 설비 설치하고 키우는 곳,2,2,"Stress relief through plants, To make the house look prettier","House, Office/business","Convenience, Price, Maintenance service, Reliability",4,4,4,4,4,4,1,Comprehensive gardening guide,3,3,Air Purifying Plants,2,4,0,0,0,0,0,0,0,0,1,0,0,1,1,0,0,1,0,1,0,1,0,0,0,0,0,0,1
223,2,3,3,3,1,"Yes, I like gardening",1,"Decoration - Home interior, Healing - Reduce Stress",2,사물인터넷을 활용한 가드닝,2,2,I can grow perfect and fresh herbs and vegetables,House,"Convenience, Price, Maintenance service",2,4,2,2,4,2,4,More technological features,3,2,Herbs,1,3,1,0,0,1,0,0,1,0,0,0,0,0,1,0,0,1,0,1,0,0,0,0,0,0,0,1,0
224,2,3,2,1,1,"Yes, I like gardening",1,Healing - Reduce Stress,2,집안에서 키우는 식물을 어떻게 키울지 알려주는 것,1,2,I can grow perfect and fresh herbs and vegetables,House,Maintenance service,4,2,4,4,4,4,3,Comprehensive gardening guide,2,1,"Herbs, Air Purifying Plants",1,3,0,0,0,1,0,0,1,0,0,0,0,0,0,0,0,0,0,1,0,0,0,0,0,0,0,1,1
225,2,3,5,1,2,I don't have time,1,Decoration - Home interior,2,집에서 할수있는거,1,2,"It is easy to use, I can grow perfect and fresh herbs and vegetables",House,"Convenience, Maintenance service",2,2,2,2,2,2,1,"Aesthetic design, Pick-up wilted plant option, More technological features",2,1,Succulents,3,4,1,0,0,0,0,1,1,0,0,0,0,0,1,0,0,0,0,1,0,0,0,1,0,0,0,0,0
226,2,3,5,1,2,"I don't have time, I don't know how to take care of plants",2,"No, I don't own any plants",2,식물키우기,2,2,To teach my kids about gardening/farming,House,Price,4,4,4,3,4,4,1,"More plant options, Pick-up wilted plant option",1,4,"Succulents, Herbs, Air Purifying Plants",2,1,0,0,0,0,0,0,0,1,0,0,0,0,0,0,0,1,0,0,0,0,0,1,0,0,0,1,1
227,2,3,1,1,2,I don't have the space for plants,2,"No, I don't own any plants",2,알람해주는건ㄱㅏ?핸드폰연동해서?,2,2,"It is easy to use, I can grow perfect and fresh herbs and vegetables",Office/business,"Convenience, Quality, Price, Safety",4,5,5,5,5,5,5,"Pick-up wilted plant option, Event promotion",1,2,"Fruits, Vegetables, Herbs, Air Purifying Plants",2,5,0,0,0,0,0,1,1,0,0,0,0,0,1,1,0,1,0,0,0,0,1,0,0,1,1,1,1
228,2,3,5,1,1,"Yes, I like gardening",1,Healing - Reduce Stress,2,수경재배로 하는 식용야채 기르기,2,2,To teach my kids about gardening/farming,Office/business,"Design, Maintenance service",4,4,4,4,4,4,3,More plant options,2,4,"Flowers, Vegetables, Herbs, Air Purifying Plants",2,4,0,0,0,1,0,0,0,1,0,0,0,0,0,0,0,0,1,1,0,0,0,0,1,0,1,1,1
229,2,3,1,2,2,I don't enjoy gardening,2,"No, I don't own any plants",2,.,2,2,I can grow perfect and fresh herbs and vegetables,Office/business,Design,2,4,2,3,2,2,3,Aesthetic design,2,5,Herbs,1,3,0,0,0,0,0,0,1,0,0,0,0,0,0,0,0,0,1,0,0,0,0,0,0,0,0,1,0
230,2,3,5,3,1,"Yes, I like gardening",1,"Decoration - Home interior, Growing herbs, veggies, fruits, Hobby, Healing - Reduce Stress, Well-being ",2,"처음 듣지만, IOT, 인공 빛, 자동 급수 등",2,2,None,Office/business,"Convenience, Maintenance service, Reliability",5,5,5,5,5,5,4,Event promotion,1,2,"Fruits, Herbs, Air Purifying Plants",2,2,1,1,1,1,1,0,0,0,0,0,0,0,1,0,0,0,0,1,0,1,0,0,0,1,0,1,1
231,2,4,2,1,2,I don't know how to take care of plants,1,Healing - Reduce Stress,2,모름,1,2,It is easy to use,House,Convenience,4,4,4,3,2,2,3,More technological features,1,5,Air Purifying Plants,1,5,0,0,0,1,0,1,0,0,0,0,0,0,1,0,0,0,0,0,0,0,0,0,0,0,0,0,1
232,2,5,2,1,1,I don't like having bugs in the house,1,Decoration - Home interior,2,집에서  화초키우는사람,1,2,Stress relief through plants,House,"Quality, Design",4,4,4,4,4,4,3,Aesthetic design,4,4,Air Purifying Plants,3,3,1,0,0,0,0,0,0,0,0,0,0,1,0,1,0,0,1,0,0,0,0,0,0,0,0,0,1
233,2,2,2,1,2,"I don't have time, I don't know how to take care of plants, I don't have the space for plants",2,"No, I don't own any plants",2,집에서 키우는 에이아이식 식물,2,2,"It is easy to use, Stress relief through plants",House,"Convenience, Quality, Design",5,4,4,4,4,4,3,Aesthetic design,2,2,"Flowers, Air Purifying Plants",3,3,0,0,0,0,0,1,0,0,0,0,0,1,1,1,0,0,1,0,0,0,0,0,1,0,0,0,1
234,2,2,2,1,1,"Yes, I like gardening",1,"Growing herbs, veggies, fruits",2,"스마트폰, 정기적 관리, 정보제공 ",1,2,"It is easy to use, I can grow perfect and fresh herbs and vegetables",House,"Convenience, Quality, Price, Design, Maintenance service",3,3,2,4,4,4,1,"Customization, More plant options, More technological features",2,4,"Vegetables, Herbs, Air Purifying Plants",1,4,0,1,0,0,0,1,1,0,0,0,0,0,1,1,0,1,1,1,0,0,0,0,0,0,1,1,1
235,2,1,3,1,1,"Yes, I like gardening",1,Decoration - Home interior,2,똑똑하게 식물키우기,1,2,I can grow perfect and fresh herbs and vegetables,House,Design,4,3,3,3,3,3,3,More plant options,2,3,"Succulents, Flowers, Herbs, Air Purifying Plants",1,3,1,0,0,0,0,0,1,0,0,0,0,0,0,0,0,0,1,0,0,0,0,1,1,0,0,1,1
236,2,1,1,2,2,"I don't have time, I don't have the space for plants, I don't like having bugs in the house",2,"No, I don't own any plants",2,집에서 똑똑하게 식물키우기,2,2,To make the house look prettier,House,Maintenance service,4,3,3,3,4,4,5,Aesthetic design,1,5,"Succulents, Flowers, Fruits",2,4,0,0,0,0,0,0,0,0,1,0,0,0,0,0,0,0,0,1,0,0,0,1,1,1,0,0,0
237,2,1,2,4,2,I don't have time,2,"No, I don't own any plants",2,집 정원,1,2,To make the house look prettier,House,"Price, Design",4,1,1,4,4,4,5,"Aesthetic design, More technological features",2,4,"Succulents, Flowers, Fruits",1,4,0,0,0,0,0,0,0,0,1,0,0,0,0,0,0,1,1,0,0,0,0,1,1,1,0,0,0
238,1,2,2,4,2,I don't have time,2,"No, I don't own any plants",2,모르겠어요,2,2,I like smart technologies,House,Safety,4,4,4,4,4,4,4,None,1,1,"Vegetables, Herbs, Air Purifying Plants",2,3,0,0,0,0,0,0,0,0,0,1,0,0,0,0,0,0,0,0,0,0,1,0,0,0,1,1,1
239,2,2,2,4,2,"I don't know how to take care of plants, I don't know where to start",1,"Decoration - Home interior, Healing - Reduce Stress",2,모르겠어요,1,2,It is easy to use,House,"Convenience, Design",4,3,3,3,3,3,1,Pick-up wilted plant option,1,3,"Flowers, Air Purifying Plants",1,2,1,0,0,1,0,1,0,0,0,0,0,0,1,0,0,0,1,0,0,0,0,0,1,0,0,0,1
240,1,2,3,4,2,I don't have time,2,"No, I don't own any plants",2,식물키우는 것에 대한 도움주는곳?,2,2,"It is easy to use, Stress relief through plants",House,Convenience,5,5,3,4,5,5,4,Aesthetic design,1,5,"Succulents, Air Purifying Plants",1,3,0,0,0,0,0,1,0,0,0,0,0,1,1,0,0,0,0,0,0,0,0,1,0,0,0,0,1
241,2,2,2,4,1,"Yes, I like gardening",1,"Decoration - Home interior, Healing - Reduce Stress",2,방향성이 제시되어있어 누구든지 손쉽게 따라갈수있는 제안서,1,2,It is easy to use,Personal Business/Office space,"Convenience, Design, Safety",5,5,2,5,4,3,2,More plant options,5,3,Succulents,1,5,1,0,0,1,0,1,0,0,0,0,0,0,1,0,0,0,1,0,0,0,1,1,0,0,0,0,0
242,1,3,5,1,2,I don't have the space for plants,2,"No, I don't own any plants",2,나를 도와주는 가드너,1,2,I can grow perfect and fresh herbs and vegetables,House,"Price, Design, Safety",4,3,1,1,3,3,1,Aesthetic design,2,3,Herbs,2,4,0,0,0,0,0,0,1,0,0,0,0,0,0,0,0,1,1,0,0,0,1,0,0,0,0,1,0
243,2,1,2,4,2,"I don't have time, I don't have the space for plants, I don't enjoy gardening",2,"No, I don't own any plants",2,"자동 급수, 자동 채광, 자동화",2,2,Can minimize the time,Office/business,"Convenience, Price",3,4,1,2,4,3,3,Event promotion,2,5,"Herbs, Air Purifying Plants",6,3,0,0,0,0,0,0,0,0,0,0,1,0,1,0,0,1,0,0,0,0,0,0,0,0,0,1,1
244,1,3,5,4,2,"I don't have the space for plants, I don't like having bugs in the house",1,Kids like it,2,모르겠다,1,2,To teach my kids about gardening/farming,House,"Convenience, Price",4,4,4,4,2,2,4,Event promotion,1,2,"Succulents, Flowers, Herbs, Air Purifying Plants",1,4,0,0,0,0,0,0,0,1,0,0,0,0,1,0,0,1,0,0,0,0,0,1,1,0,0,1,1
245,1,3,5,4,2,"I don't have the space for plants, I don't like having bugs in the house",1,Kids like it,2,모르겠다,1,2,To teach my kids about gardening/farming,House,"Convenience, Price",4,4,4,4,2,2,4,Event promotion,1,2,"Succulents, Flowers, Herbs, Air Purifying Plants",1,4,0,0,0,0,0,0,0,1,0,0,0,0,1,0,0,1,0,0,0,0,0,1,1,0,0,1,1
246,2,4,3,1,1,"Yes, I like gardening",1,"Decoration - Home interior, Healing - Reduce Stress",2,스마트 활용 가드닝이 아닐까요?,2,2,Can minimize the time,House,"Convenience, Price",5,5,5,5,5,5,4,Event promotion,1,2,"Flowers, Vegetables, Air Purifying Plants",1,3,1,0,0,1,0,0,0,0,0,0,1,0,1,0,0,1,0,0,0,0,0,0,1,0,1,0,1
247,1,3,1,4,2,"I don't like having bugs in the house, Others",2,"No, I don't own any plants",2,휴대폰 앱으로 관리하는 시스템?,1,2,"It is easy to use, Others",Office/business,Convenience,3,5,3,4,1,1,1,Comprehensive gardening guide,2,5,Air Purifying Plants,1,3,0,0,0,0,0,1,0,0,0,0,0,0,1,0,0,0,0,0,0,0,0,0,0,0,0,0,1
248,2,3,1,1,2,"I don't know how to take care of plants, I don't enjoy gardening",1,Healing - Reduce Stress,1,정보기술을 활용한 가드닝 기법,1,2,"It is easy to use, Can minimize the time",House,"Convenience, Quality, Price, Design, Maintenance service",4,5,5,4,5,5,3,"More plant options, Comprehensive gardening guide",3,5,"Succulents, Herbs, Air Purifying Plants",1,4,0,0,0,1,0,1,0,0,0,0,1,0,1,1,0,1,1,1,0,0,0,1,0,0,0,1,1
249,2,2,1,2,2,"I don't have time, I don't have the space for plants",2,Decoration - Home interior,2,처음들어보는 단어라 잘 모르겠습니다,2,2,Stress relief through plants,Office/business,"Quality, Price",3,2,3,3,3,3,3,Aesthetic design,1,6,Flowers,1,2,1,0,0,0,0,0,0,0,0,0,0,1,0,1,0,1,0,0,0,0,0,0,1,0,0,0,0
250,2,2,5,1,1,"Yes, I like gardening",1,Decoration - Home interior,2,인테리어,2,2,I can grow perfect and fresh herbs and vegetables,Personal Business/Office space,Design,3,3,3,3,3,3,3,Aesthetic design,2,2,Succulents,6,2,1,0,0,0,0,0,1,0,0,0,0,0,0,0,0,0,1,0,0,0,0,1,0,0,0,0,0
,,,,,,,,,,,,,,,,,,,,,,,,,,,,,,,,,,,,,,,,,,,,,,,,,,,,,,,
,,,,,,,,,,,,,,,,,,,,,,,,,,,,,70,14,32,62,18,125,81,30,47,31,48,57,173,76,16,121,97,91,23,48,51,70,113,46,76,130,160